Board,Post Type,Theme,Title,Status,Description,Prompt,Tags,Column 9
Future Living & Off-Grid Tech,Static,Mirrored,The Invisible Morning ❄️,Completed,Waking up where the architecture ends and the forest begins. Pure silence. #FutureLiving #ModernArchitecture #CabinPorn,"9:16 vertical shot of a mirrored glass cabin reflecting a misty morning forest, soft blue light, hyper-realistic, 8k",#FutureLiving #ModernArchitecture #OffGrid,
Future Living & Off-Grid Tech,Static,Matte Black,Midnight Minimalism 🌌,Completed,Functional art. The matte black cabin kitchen at night. #CyberRural #InteriorDesign #SmartHome,"9:16 interior shot of a matte-black minimalist kitchen in a glass house, single pendant light, stars visible through window, 8k",#FutureLiving #ModernArchitecture #OffGrid,
Future Living & Off-Grid Tech,Static,Warm Natural,Thermal Sanctuary 🌿,Completed,Light wood and steam. The ultimate off-grid recovery. #WellnessDesign #OutdoorSauna #ScandiAesthetic,"9:16 vertical shot of a light cedar wood modern outdoor sauna, steam rising, forest background, warm sunlight, 8k",#FutureLiving #ModernArchitecture #OffGrid,
Future Living & Off-Grid Tech,Static,Warm Natural,Soft Architecture ☁️,Completed,"Stone, linen, and light. Designing for headspace. #QuietLuxury #InteriorDesign #MinimalistHome","9:16 interior of a cabin with light stone walls, beige linen bedding, large floor-to-ceiling window, soft morning light, 8k",#FutureLiving #ModernArchitecture #OffGrid,
Future Living & Off-Grid Tech,Static,Matte Black,Power in Silence ⚡,Completed,The heart of the off-grid system. Stealth design meets renewable energy. #SolarTech #OffGridLiving #FutureLiving,"9:16 close up of a matte black solar battery hub inside a glass-walled tech room, soft blue LED status bar, 8k",#FutureLiving #ModernArchitecture #OffGrid,
Future Living & Off-Grid Tech,Static,Mirrored,The Glass Island 🌊,Completed,A mirrored workspace floating on still water. Total focus. #RemoteWork #WorkFromAnywhere #FutureOffice,"9:16 vertical shot of a small mirrored glass cube floating on a calm lake, mountains in background, sunset, 8k",#FutureLiving #ModernArchitecture #OffGrid,
Future Living & Off-Grid Tech,Static,Warm Natural,Earth & Glass 🪨,Draft,A carved stone bathtub facing the wilderness. #LuxuryEscape #InteriorDesign #NatureBound,"9:16 vertical shot of a bathroom with a monolithic stone tub, glass wall looking into a canyon, natural light, 8k",#FutureLiving #ModernArchitecture #OffGrid,
Future Living & Off-Grid Tech,Static,Matte Black,Techno-Nature 🌿,Completed,Growing the future under glass and matte steel. #FutureFarming #Greenhouse #SustainableLiving,"9:16 vertical shot of a black geometric greenhouse dome at dusk, purple internal grow lights, forest silhouette, 8k",#FutureLiving #ModernArchitecture #OffGrid,
Future Living & Off-Grid Tech,Static,Warm Natural,The Threshold 🌲,Completed,Connecting the modern with the ancient. #ModernArchitecture #ForestLiving #DesignInspiration,"9:16 vertical shot of a light oak wood walkway connecting two glass pods in a forest canopy, 8k",#FutureLiving #ModernArchitecture #OffGrid,
Future Living & Off-Grid Tech,Static,Matte Black,Stargazing Hub 🌌,Completed,A matte black platform in the red desert. The universe is the ceiling. #DesertTech #ModernArchitecture #AstroTourism,"9:16 vertical shot of a minimalist black steel platform in a red desert at night, milky way visible above, 8k",#FutureLiving #ModernArchitecture #OffGrid,
Future Living & Off-Grid Tech,Video,Aspirational,POV: Your 2026 Weekend 🌲,Completed,Rising above the pines to reveal the glowing retreat. #AFrame #CabinLife #QuietLuxury,"Cinematic 9:16 drone rise from forest floor to a glowing A-frame cabin at twilight, warm fireplace visible, 24fps, 8k",#FutureLiving #ModernArchitecture #Tech,
Future Living & Off-Grid Tech,Video,Mirrored,Vanishing in the Frost ❄️,Completed,Watch the mirrored walls disappear into the winter mist. #FutureLiving #WinterAesthetic #Design,"9:16 slow dolly-in to a mirrored cabin as a light snowfall begins, reflections of trees shimmering, 8k",#FutureLiving #ModernArchitecture #Tech,
Future Living & Off-Grid Tech,Video,Educational,Efficiency in Motion ☀️,Completed,Smart furniture that follows the sun. #SolarTech #SmartHome #Sustainability,"9:16 time-lapse of a sleek black solar parasol rotating slowly to follow the sun on a designer deck, 8k",#FutureLiving #ModernArchitecture #Tech,
Future Living & Off-Grid Tech,Video,Warm Natural,Breathe in the Forest ☁️,Completed,The rhythm of a slow morning. #Wellness #SaunaLife #Nature,"9:16 slow motion close up of steam rising from cedar wood inside a sunlit sauna, forest visible through glass, 8k",#FutureLiving #ModernArchitecture #Tech,
Future Living & Off-Grid Tech,Video,Aspirational,The Focus Zone 🌧️,Completed,Remote work redefined by rain and reflection. #RemoteWork #Productivity #CozyTech,"9:16 interior shot through a glass wall as rain falls, a matte black desk and coffee cup inside, blurry forest background, 8k",#FutureLiving #ModernArchitecture #Tech,
Smart Pet Wellness,Static,Indoor Luxury,The Marble Standard 🐾,Completed,Minimalist nutrition for the refined feline. #PetWellness #CatHealth #QuietLuxury,"9:16 vertical shot of a grey British Shorthair cat sitting next to a white marble pet bowl, modern white kitchen, 8k",#PetWellness #CatHealth #InteriorDesign,
Smart Pet Wellness,Static,Indoor Luxury,Quiet Mornings ☁️,Completed,Texture and tone. Luxury pet lifestyle. #GreyhoundLife #InteriorDesign #CozyHome,"9:16 vertical shot of a greyhound in a cream cashmere sweater on a grey velvet sofa, soft window light, 8k",#PetWellness #CatHealth #InteriorDesign,
Smart Pet Wellness,Static,Adventure Bridge,The Horizon Caller 🌲,Completed,Bridging the gap between home and the wild. #AdventureDog #OffGridPets #BorderCollie,"9:16 vertical shot of a Border Collie standing on a rock in a misty mountain field, rugged tech harness, 8k",#PetWellness #CatHealth #InteriorDesign,
Smart Pet Wellness,Static,Adventure Bridge,Chasing the Light ☀️,Completed,Wellness is an outdoor adventure. #DogHealth #NaturePets #GoldenHour,"9:16 vertical shot of a dog running through tall golden grass, sunset flare, cinematic, 8k",#PetWellness #CatHealth #InteriorDesign,
Smart Pet Wellness,Static,Indoor Luxury,Architectural Play 🐈,Completed,Furniture that serves your cat and your eyes. #CatFurniture #ModernHome #ScandiDesign,"9:16 vertical shot of a light wood minimalist sculptural cat tree in a sunlit white room, 8k",#PetWellness #CatHealth #InteriorDesign,
Smart Pet Wellness,Static,Adventure Bridge,Built for the Wild 🏔️,Completed,Gear that matches your ambition. #AdventureDog #HikingWithDogs #OutdoorGear,"9:16 close up of a high-end black and orange dog harness on a dog in a rocky landscape, 8k",#PetWellness #CatHealth #InteriorDesign,
Smart Pet Wellness,Static,Indoor Luxury,The Pure Glow ☀️,Completed,Sustainable pet comfort. #EcoPet #SlowLiving #CatLovers,"9:16 vertical shot of a cat sleeping in a patch of sun on a jute rug, minimalist room, 8k",#PetWellness #CatHealth #InteriorDesign,
Smart Pet Wellness,Static,Adventure Bridge,The Trailblazer 🥾,Draft,Off-grid living with your best friend. #FutureLiving #DogLife #MountainCulture,"9:16 low angle shot of a dog on a dirt trail looking at a mirrored cabin in the distance, 8k",#PetWellness #CatHealth #InteriorDesign,
Smart Pet Wellness,Static,Indoor Luxury,Hydration Redefined 💧,Completed,Aesthetic solutions for proactive health. #PetHealth #SmartHome #Minimalist,"9:16 vertical shot of a glass pet fountain with flowing water, light wood background, fresh green plant, 8k",#PetWellness #CatHealth #InteriorDesign,
Smart Pet Wellness,Static,Adventure Bridge,Mobile Sanctuary 🚐,Completed,The off-grid life includes them. #VanLife #AdventurePets #TravelWithDogs,"9:16 interior shot of a modern van looking out the back doors at a beach, a dog sitting on a bed with neutral linens, 8k",#PetWellness #CatHealth #InteriorDesign,
Smart Pet Wellness,Video,Indoor Luxury,"Zero Odor, Total Style ✨",Draft,The intersection of tech and interior design. #SmartHome #CatCare #LondonLife,"9:16 cinematic dolly-in to a white Litter-Robot 5 Pro at twilight, London skyline in background, cat walks past, 8k",#PetWellness #SmartHome #QuietLuxury,
Smart Pet Wellness,Video,Adventure Bridge,Into the Fog ☁️,Completed,Pure freedom in the high country. #AdventureDog #Nature #Cinematic,"9:16 slow motion video of a Border Collie running through a misty field toward the camera, 8k",#PetWellness #SmartHome #QuietLuxury,
Smart Pet Wellness,Video,Indoor Luxury,Precision Health 📊,Completed,Watch the future of nutrition in action. #PetWellness #AITech #ScandiHome,"9:16 close up of a smart feeder dispensing a portion onto a ceramic plate, soft focus on a waiting cat, 8k",#PetWellness #SmartHome #QuietLuxury,
Smart Pet Wellness,Video,Adventure Bridge,The First Light 🚐,Completed,Waking up to the ocean breeze. #VanLife #AdventurePets #MorningVibes,"9:16 slow pan from a sleeping dog in a modern van to the ocean waves outside the door, sunrise, 8k",#PetWellness #SmartHome #QuietLuxury,
Smart Pet Wellness,Video,Indoor Luxury,The Zen of Hydration 💧,Completed,Whisper-quiet wellness for the modern home. #CatHealth #InteriorDesign #Zen,"9:16 macro shot of water rippling in a ceramic fountain, sunlight reflecting off the water, soft piano music vibe, 8k",#PetWellness #SmartHome #QuietLuxury,