"Post #","Board","Post Type","Theme","Title","Description","Alt Text","AI Prompt","In-App Text Hook","Status","Posting Day","Slot","SL Post Time"
"1","Future Living & Off-Grid Tech","Static Image","Glass / A-Frame Snow Mountain Dawn","A-Frame Glass Cabin Snow Mountain | Off-Grid Dawn Architecture 2026","Save this for your A-frame cabin and off-grid mountain board. The full A-frame glass cabin in deep mountain snow at dawn — Jackery stack on the exterior deck wall EcoFlow charging warm amber interior the mountain panorama filling the glass. The formula that keeps winning. #AFrame #GlassCabin #OffGridCabin #SnowCabin #FutureLiving #MountainCabin #OffGridLiving","A-frame glass cabin in deep mountain snow at dawn, full triangular glass front revealing warm amber interior platform bed, Jackery Explorer stack wall-mounted on exterior deck, pink-gold dawn light on snow mountain peaks behind","Hyper-realistic 9:16 vertical photo, a classic A-frame cabin in deep fresh mountain snow at dawn, the entire front face of the A-frame is full floor-to-ceiling glass — the triangular glass wall reveals the warm amber interior completely: a cream linen platform bed facing the mountains an oak bedside table a single LED reading lamp still on from the night, on the exterior left edge of the cedar deck a Jackery Explorer 2000 Pro power station is wall-mounted with its LED charge indicator showing full green in the cold morning light, behind the cabin the snow-covered mountain peaks are illuminated by the first dawn light — pink-gold at the peaks transitioning to deep blue-purple at the zenith directly above, the snow in the foreground is completely undisturbed — a perfect white field leading to the cabin, maximum colour temperature contrast: warm amber interior through the glass versus cold blue-purple dawn sky, the A-frame silhouette is a perfect geometric triangle against the mountain backdrop, no people, 8k, cinematic dawn architectural photography, maximum colour temperature contrast","A-frame. Dawn. Off-grid.","Ready","Day 9","Static-1","7:30am"
"2","Smart Pet Wellness","Static Image","Adventure / Husky Snow Run","Siberian Husky Mountain Snow Sprint | Winter Dog Photography 2026","Save this for your husky and mountain dog board. A Siberian Husky at full sprint across a mountain snowfield — the most perfect expression of what this dog was engineered for. Blue eyes. White fur. Pure speed. #SiberianHusky #SnowDog #MountainDog #AdventureDog #HuskyLife #WinterDog #DogPhotography","Siberian Husky sprinting at full speed across mountain snowfield at golden hour, icy blue eyes focused forward, snow spray at paws, mountain peaks warm gold in background","Hyper-realistic 9:16 vertical photo, shot from ground level across a mountain snowfield at golden hour, a pure white Siberian Husky runs at full speed directly toward the camera, the dog is captured at maximum stride extension — all four paws off the ground simultaneously, the motion blur at the snow spray behind the paws confirms pure speed while the face is sharp and focused, the husky's icy blue eyes are directed ahead with absolute intensity, the mountain snowfield stretches behind in all directions, at the horizon the mountain peaks catch the last golden hour light in warm gold, the snow in the foreground has the texture of fresh powder disturbed by the dog's passage, blue-white mountain backdrop and white husky create a subtle tonal contrast with the warm gold peaks in the distance, the image communicates pure wild joy — this dog is exactly where it belongs, no people, 8k, high-speed snow dog photography, low angle ground level","Born for this.","Ready","Day 9","Static-2","9:30am"
"3","Future Living & Off-Grid Tech","Static Image","Glass / Cantilevered Valley Architecture","Cantilevered Glass Cabin Mountain Valley | Off-Grid Architecture 2026","Save this for your glass cabin and extreme architecture board. A full-glass cabin cantilevered over a mountain valley — EcoFlow battery stack on the steel bracket below the cabin floor warm amber interior the valley 300 metres below. Off-grid engineering at its most extreme. #CantileverCabin #GlassCabin #OffGridEngineering #FutureLiving #MountainCabin #ExtremeArchitecture #OffGridLiving","Full-glass cantilevered cabin projecting over mountain valley, warm amber interior visible through glass floor panels, EcoFlow Delta Pro on exterior steel bracket below cabin, snow mountains at golden hour twilight","Hyper-realistic 9:16 vertical photo, a full-glass rectangular cabin cantilevered on a matte black steel frame projecting directly over a dramatic mountain valley, shot from slightly below the cabin at a 20-degree upward angle so the valley floor is visible through the glass floor panels and the sky is visible beyond the cabin, the full glass walls reveal the warm amber interior: a platform bed with floor-level cushions facing the glass floor a single Anglepoise lamp casting amber light, an EcoFlow Delta Pro x2 battery stack is mounted on the exterior steel bracket structure below the cabin floor — secured to the main support beam with a bespoke steel clamp, its green LED charge bars visible from below, the valley below the cabin is in blue-grey shadow while the mountain peaks at the same elevation as the cabin catch the last golden hour light in dramatic contrast, the black steel cantilever structure cuts across the frame in precise engineered geometry, maximum colour temperature contrast: warm amber interior through glass versus cold blue shadow valley below, no people, 8k, extreme architectural photography, low angle looking up at cantilevered glass floor","Cantilevered. 300m above. Off-grid.","Ready","Day 9","Static-3","11:30am"
"4","Smart Pet Wellness","Static Image","Indoor Adventure / Maine Coon Forest Glass","Maine Coon Forest Glass Window | Cabin Cat Photography 2026","Save this for your Maine Coon and cabin cat board. A Maine Coon at a full-height glass cabin window watching the pine forest — this is what glass walls were built for. Wall-to-wall glass. Forest beyond. Pure cat contentment. #MaineCoon #CabinCat #ForestCat #CatWindow #CatLife #GlassCabin #IndoorCat","Large Maine Coon cat sitting in corner of two full-height glass cabin wall panels, pine forest visible beyond glass, dappled forest light on cat fur, warm amber cabin interior framing cat","Hyper-realistic 9:16 vertical photo, a large fluffy Maine Coon cat with amber eyes sits in the right-angle corner where two floor-to-ceiling glass wall panels meet in a modern glass cabin, the cat's body fills the corner exactly — tail curling around its paws, it gazes outward with absolute calm, through the glass panels the pine forest extends in all directions: tall straight pine trunks in soft focus, morning light filtering through in golden diagonal shafts, a single pine cone visible on the forest floor in sharp detail, the warm amber cabin interior is visible in the foreground behind the cat's position — oak floor warm light, the contrast between warm amber cabin and cool green forest creates the signature colour temperature contrast of the account, the Maine Coon's fur catches the forest light in extraordinary texture, no people, 8k, cinematic indoor cat portrait photography, natural soft light","Glass walls. Forest beyond. Peak contentment.","Ready","Day 9","Static-4","1:30pm"
"5","Wild Stay | Off-Grid Escapes","Static Image","Darecations × Overlander — Black Airstream Desert Blue Hour","Black Airstream Desert Wild Stay | Off-Grid Overlander Architecture 2026","Save this for your wild stay and off-grid overlander board. A matte black Airstream on a red desert plateau at blue hour — EcoFlow solar array on the roof fully charged five desert stars appearing above. The Darecations overlander stay at the edge of nowhere. #Darecations #OverlanderLife #AirstreamLiving #DesertStay #CampersAndRV #OffGridOverlander #WildStay","Matte black Airstream trailer on red desert plateau at deep blue hour, warm amber glow from interior windows, 6-panel rooftop solar array, EcoFlow Delta Pro on external storage bracket with green LED, red sandstone formations in background, first stars appearing","Hyper-realistic 9:16 vertical photo, a matte black Airstream trailer parked on a flat red desert plateau at the exact moment of deep blue hour — the sky is a deep cobalt blue and the sandstone rock formations behind are a rich rust-red in the last horizontal light, the entire Airstream exterior is a deep matte black, a 6-panel solar array is mounted flush on the roof at optimal angle, an EcoFlow Delta Pro power station sits on a purpose-built steel external storage bracket on the side of the Airstream — green LED charge bar fully lit, the Airstream interior windows glow warm amber from inside, the internal light spills a warm rectangle onto the red desert ground below, the sky above is a deep cobalt blue with the first five stars appearing at the zenith, a small campfire ring of stones is to the left of the Airstream — unlit and waiting, the desert sandstone formations in the background are red-orange in the last horizontal light, the image includes a clean minimal white sans-serif text overlay at the very bottom of the frame: ""Red desert. Solar charged. No neighbours."" — the text is small and caption-weight barely there, no people, 8k, cinematic desert blue hour photography","Red desert. Solar charged. No neighbours.","Ready","Day 9","Trend-Slot","3:30pm"
"6","Future Living & Off-Grid Tech","Idea Pin Video","A-Frame / Dawn Snow Reveal Video","A-Frame Snow Cabin Sunrise Reveal | Off-Grid Architecture Video 2026","The A-frame in deep mountain snow at the exact moment sunrise hits the glass. From total darkness to golden. Off-grid architecture at its most cinematic. #AFrame #SunriseReveal #SnowCabin #OffGridLiving #FutureLiving #CabinVideo #ArchitectureVideo","Cinematic video of A-frame glass cabin in mountain snow, progressive golden sunrise reveal through triangular glass front, warm interior amber glow, Jackery on deck, mountain peaks turning gold","Cinematic 9:16 vertical video, begins before dawn — a full A-frame glass cabin in deep mountain snow is barely visible, the interior amber light the only illumination, the mountain backdrop completely black, the cabin glows as a warm amber triangle in total darkness, then the dawn begins at the mountain peaks: a narrow line of pink-gold at the extreme upper edge of the frame, the light descends slowly over 20 seconds across the mountain, the snow on the peaks goes from black to pink to gold to white, the A-frame glass panels catch the dawn light and the exterior surfaces light up while the interior amber remains — a dual glow effect where the cabin simultaneously reflects and transmits light, the final frame: the full A-frame in golden dawn light, glass panels reflecting sunrise outward while interior amber glows behind, Jackery on the deck wall showing green charge, snow field in front completely illuminated in gold, mountain peaks burning white, total silence broken only by the sound of wind and the creak of the cedar deck in cold air, the video ends with a 5-second hold at full golden dawn, 8k no people","Before dawn. After.","Ready","Day 9","Video","8:30pm"
"7","Future Living & Off-Grid Tech","Static Image","Glass / Rammed Earth Desert Home","Rammed Earth Glass Home Desert | Off-Grid Architecture Sunset 2026","Save this for your rammed earth home and off-grid desert board. A rammed earth and glass home at desert sunset — the horizontal earth wall layers lit amber EcoFlow on the exterior terrace fully charged. Material and sky at the same temperature. #RammedEarth #EarthHome #OffGridDesert #DesertArchitecture #FutureLiving #EarthArchitecture #OffGridLiving","Rammed earth and glass home on desert terrace at sunset, horizontal earth wall layers in ochre-amber visible, full glass right section with warm amber interior, EcoFlow Delta Pro on stone terrace with green charge bar, amber-pink sunset sky","Hyper-realistic 9:16 vertical photo, exterior of a minimal rammed earth and glass home on a flat stone terrace in a desert landscape at sunset, the rammed earth walls are a masterpiece of material — horizontal layers of ochre amber sienna and cream earth tones pressed and visible in perfect parallel lines across the full wall surface, the glass section on the right two thirds of the facade is full height and reveals the warm amber interior: a platform bed with terracotta cushions a ceramic reading lamp a linen curtain pushed aside, on the stone terrace in front of the glass section an EcoFlow Delta Pro power station sits on a flat desert stone with its green LED charge bar glowing in the last sunset light, the desert landscape behind extends to a flat horizon where the sun has just set leaving a band of amber and pink against deep blue sky, the rammed earth walls catch the last horizontal sunset light and their natural earth tones match the sunset sky — material and atmosphere unified in the same warm tonal range, no people, 8k, cinematic desert architectural sunset photography, material texture detail","Earth walls. Sunset glass. Off-grid.","Ready","Day 10","Static-1","7:30am"
"8","Smart Pet Wellness","Static Image","Adventure / Golden Retriever Sunrise Lake","Golden Retriever Mountain Lake Sunrise | Adventure Dog Photography 2026","Save this for your golden retriever and mountain morning board. A Golden Retriever at the edge of a glass-still mountain lake at sunrise — gold fur gold water gold sky. One of those mornings that only dogs get to be in. #GoldenRetriever #MorningDog #LakeDog #AdventureDog #SunriseDog #OutdoorDog #DogPhotography","Golden Retriever standing at edge of mountain lake at sunrise, golden fur matching warm sunrise light, perfect mountain reflection in still water below, morning mist catching horizontal light","Hyper-realistic 9:16 vertical photo, shot from water level at the edge of a glass-still mountain lake at sunrise, a golden retriever stands at the absolute water's edge with its paws in the shallows, the dog faces the sunrise directly — its gold fur catches the warm sunrise light and glows, the mountain lake is perfectly still and reflects the mountains the sky and the dog in a perfect mirror below — dog above water dog in reflection below, the sunrise is a band of pure gold at the mountain horizon filling the middle of the frame, morning mist sits low on the water in the distance and catches the horizontal light in glowing wisps, the mountains are silhouetted against the golden sky their reflections below equally precise, the dog's wet paws disturb the water reflection only at the very edge of the frame, no people, 8k, golden hour lake dog photography, low water level angle","Gold light. Gold dog. Gold lake.","Ready","Day 10","Static-2","9:30am"
"9","Future Living & Off-Grid Tech","Static Image","Glass / Matte Black Steel Cube Mountain","Black Steel Glass Cube Mountain | Off-Grid Architecture 2026","Save this for your glass cabin and steel architecture board. A perfect black steel and full-glass cube cabin on a granite mountain ledge at twilight — EcoFlow battery stack on the exterior steel deck fully charged snow peaks above deep blue-purple sky. The cube that belongs on no map. #SteelCabin #GlassCube #OffGridCabin #MountainCabin #FutureLiving #ModernArchitecture #BlackSteel","Perfect black steel and full-glass cube cabin on granite mountain ledge at twilight, warm amber interior fully visible through all glass faces, EcoFlow stack on exterior steel deck with full green LEDs, snow peaks above deep blue-purple sky","Hyper-realistic 9:16 vertical photo, a perfect minimal black powder-coated steel and full-glass cube cabin positioned on a flat granite ledge on the face of a high mountain, the cube is a precise 6-metre cube — all six faces either full glass or matte black steel frame, the four visible faces are full glass revealing the warm amber interior completely: a low platform bed in the centre a single arched LED floor lamp a minimalist oak desk, on the exterior steel deck attached to the downhill face of the cube an EcoFlow Delta Pro x2 battery stack is secured to the steel rail — its green LED charge bars the brightest element in the scene, the sky at twilight is deep purple at the zenith transitioning through cobalt blue to a thin amber line at the mountain horizon, snow peaks extend in both directions at the level of the cabin, the granite rock face below drops away into shadow, the cabin appears suspended between mountain and sky, maximum colour temperature contrast: warm amber interior versus cold blue-purple twilight mountain sky, no people, 8k, twilight mountain architectural photography, full glass exposure","Black steel. Glass. 2,000m.","Ready","Day 10","Static-3","11:30am"
"10","Smart Pet Wellness","Static Image","Adventure / Border Collie Wildflower Meadow","Border Collie Mountain Wildflower Meadow | Summer Dog Photography 2026","Save this for your Border Collie and summer mountain board. A Border Collie lying in a mountain wildflower meadow at golden hour — intelligence and contentment in equal measure. Summer mountains and a dog that belongs in them. #BorderCollie #SummerDog #WildflowerDog #MountainDog #AdventureDog #GoldenHourDog #DogPhotography","Black and white Border Collie lying in mountain wildflower meadow at golden hour, golden grasses and wildflowers all around dog, mountain backdrop in soft focus, warm horizontal light","Hyper-realistic 9:16 vertical photo, a black and white Border Collie lies in a mountain wildflower meadow at golden hour, the dog is in a relaxed down position looking directly into the camera with complete calm and intelligence in its eyes, golden hour light illuminates the wildflowers from a low angle — the meadow grasses and flowers glow amber and gold in the horizontal light, purple wildflowers and amber grasses surround the dog and frame its black and white coat in perfect contrast, the mountain backdrop is soft focus and blue in the distance confirming the elevation, the dog is completely at home — a mountain meadow two hours from any road, the golden hour light catches individual flower petals and grass seeds in sharp detail in the foreground with the dog's face the sharpest element, no people, 8k, golden hour outdoor dog portrait photography","Mountain meadow hours.","Ready","Day 10","Static-4","1:30pm"
"11","Wild Stay | Off-Grid Escapes","Static Image","Darecations × Surfside — Floating Fjord Glass Cabin","Floating Fjord Glass Cabin | Scandinavian Off-Grid Stay 2026","Save this for your wild stay and Scandinavian off-grid board. A full-glass floating cabin on a Norwegian fjord at golden hour — the fjord reflection perfect EcoFlow battery wall inside fully charged. The stay that feels like living inside a mirror. #Darecations #FjordStay #FloatingCabin #NorwegianFjord #OffGridWater #WildStay #SurfsideLiving","Full-glass floating cabin on Norwegian fjord at golden hour, warm amber interior visible through glass, perfect mirror reflection in still fjord water, EcoFlow battery wall inside with green LEDs, steep fjord mountain walls both sides","Hyper-realistic 9:16 vertical photo, a full-glass rectangular floating cabin on the surface of a Norwegian fjord at golden hour, the cabin sits on a minimal steel pontoon platform, every glass wall panel glows warm amber from the interior — through the glass the complete interior is visible: a Scandinavian minimal living space with a cream sofa facing the glass wall directly an EcoFlow Delta Pro x2 battery wall mounted to the interior back wall glowing with full green charge bars a low coffee table with a ceramic mug, the fjord water is completely still at golden hour — the floating cabin creates a perfect reflection below that is identical to the cabin above, the steep mountain walls of the fjord rise on both sides with waterfalls catching the last direct sun, the sky at the fjord mouth is a deep golden amber transitioning to blue overhead, the cabin appears to float between sky and fjord reflection — perfectly suspended in the golden light, the image includes a clean minimal white sans-serif text overlay at the very bottom of the frame: ""Floating. Fjord. Off-grid."" — the text is small and caption-weight barely there, no people, 8k, golden hour Scandinavian fjord photography","Fjord reflection. Interior glowing. Off-grid.","Ready","Day 10","Trend-Slot","3:30pm"
"12","Future Living & Off-Grid Tech","Idea Pin Video","Rammed Earth / Desert Sunset Reveal Video","Rammed Earth Desert Home Sunset Reveal | Off-Grid Architecture Video 2026","The rammed earth home at the exact moment the desert sunset hits the layered walls — material and sky at the same temperature. Off-grid desert architecture at its most cinematic. #RammedEarth #DesertArchitecture #SunsetReveal #OffGridLiving #FutureLiving #EarthHome #ArchitectureVideo","Cinematic video of rammed earth and glass desert home at sunset, horizontal earth wall layers igniting amber in direct sunset light, EcoFlow on terrace with green LED, desert sky turning amber then blue","Cinematic 9:16 vertical video, begins on a wide shot of a minimal rammed earth and glass home on a desert terrace, the scene starts at late afternoon with the rammed earth walls in full shadow looking grey, the glass section reflects the pale blue sky, then the desert sun moves to the horizon position and the first direct horizontal light hits the rammed earth layers — the earth tones ignite instantly: ochre sienna amber cream gold all activated simultaneously, the layers of rammed earth become a landscape painting in the light, the glass section simultaneously begins transmitting the warm interior amber light forward as the sky behind dims to deep blue, the video builds to the peak sunset moment when rammed earth exterior sky and interior light are all at the same amber-gold temperature simultaneously creating a unified warm scene, the EcoFlow on the terrace shows green charge LED throughout, the video ends on a 5-second hold at peak warm moment, desert ambient sound throughout: wind faint cricket, 8k no people","Earth. Sunset. Same temperature.","Ready","Day 10","Video","8:30pm"
"13","Future Living & Off-Grid Tech","Static Image","Glass / Treehouse Forest Canopy","Glass Treehouse Forest Canopy | Off-Grid Architecture Dawn 2026","Save this for your treehouse and forest canopy board. A full-glass treehouse platform cabin in old growth forest at dawn — the canopy above the glass roof EcoFlow on the wooden deck amber interior at dawn. Living inside the forest. #TreehouseCabin #ForestCanopy #GlassTreehouse #OffGridForest #FutureLiving #ForestArchitecture #CanopyLiving","Full-glass treehouse platform cabin elevated in old growth forest at dawn, old-growth canopy above glass roof, warm amber interior visible through glass walls, EcoFlow on cedar deck platform, golden dawn light shafts through forest","Hyper-realistic 9:16 vertical photo, a full-glass rectangular cabin elevated 8 metres above the forest floor on a cedar timber platform suspended between four old-growth Douglas fir trees in an old-growth temperate forest, the cabin walls are full glass on all four sides — through the glass the interior is completely visible: a minimal platform bed facing the glass east wall a ceramic reading lamp casting amber light, the old-growth forest canopy is 15 metres above the cabin — enormous Douglas fir branches extend across the top of the frame creating a natural ceiling of dark green canopy, on the cedar deck platform beside the cabin door an EcoFlow Delta Pro power station sits secured to the deck rail its green LED charge bars glowing against the dark forest, the dawn light filters through the canopy in narrow golden shafts that illuminate individual mist particles in the forest air above the cabin, the forest floor far below is in deep shadow, the cabin glows as a warm amber lantern suspended between forest floor and canopy, no people, 8k, dawn forest architectural photography, elevated perspective","In the canopy. Off-grid.","Ready","Day 11","Static-1","7:30am"
"14","Smart Pet Wellness","Static Image","Adventure / German Shepherd Highland Summit","German Shepherd Highland Summit | Adventure Dog Mountain Photography 2026","Save this for your German Shepherd and mountain hiking board. A German Shepherd on a highland summit ridge looking out over the valley — natural instinct and complete mastery of the landscape. Built for exactly this elevation. #GermanShepherd #MountainDog #SummitDog #AdventureDog #HighlandDog #HikingDog #DogPhotography","German Shepherd standing on rocky highland summit ridge, enormous valley panorama below, dramatic grey-gold sky, dog four paws planted on summit granite, confident commanding posture","Hyper-realistic 9:16 vertical photo, shot from slightly behind and below a German Shepherd standing on the absolute peak of a rocky highland summit ridge, the dog faces outward over an enormous valley panorama below, its black and tan coat catches the grey-gold overcast mountain light, the rocky summit below the dog's paws has fragments of quartz and mica that catch the light, the valley below is a tapestry of dark green pine forest and silver river curves with cloud shadows moving across it, the sky above is a dramatic highland mix of grey and gold cloud — a break in the cloud directly above the dog creates a cone of gold light that illuminates just the dog, the German Shepherd's posture is absolute — four paws planted precisely on the summit rock head high looking outward, it owns this viewpoint, no people, 8k, outdoor highland dog photography, low angle summit perspective","Summit. Owned.","Ready","Day 11","Static-2","9:30am"
"15","Future Living & Off-Grid Tech","Static Image","Outdoor Wellness / Cedar Sauna Forest Exterior Dawn","Cedar Barrel Sauna Old Growth Forest | Off-Grid Wellness Dawn 2026","Save this for your sauna build and off-grid wellness board. A cedar barrel sauna in old growth forest at dawn — door open warm light into the mist EcoFlow on the platform beside it. The best morning start in off-grid architecture. #SaunaLife #CedarSauna #OffGridWellness #ForestSauna #CabinLife #FutureLiving #WellnessArchitecture","Cedar barrel sauna in old growth forest clearing at dawn, door open with warm amber light spilling onto mossy floor, EcoFlow River 2 on cedar platform, morning forest mist mingling with steam, warm vs cold light contrast","Hyper-realistic 9:16 vertical photo, exterior of a cedar barrel sauna in a clearing in an old growth temperate forest at dawn, the sauna door is fully open and warm amber interior light spills out onto the mossy forest floor in a golden rectangle, steam from the hot interior billows out into the cold forest morning air and mingles with the natural dawn mist in the forest creating a complex layered atmospheric effect, on the cedar platform deck beside the sauna door an EcoFlow River 2 power station sits with a full green charge bar, the cedar barrel exterior is honey-golden and the barrel staves run horizontally catching the soft grey dawn light from above, the forest around is in the blue-grey pre-dawn light with the golden sauna door light the only warm element in the scene — maximum colour temperature contrast: warm amber versus cold blue forest dawn, large old-growth fern fronds are visible at forest floor level in the foreground, one set of bare footprints in the soft moss leads from the edge of frame to the sauna door, 8k, cinematic outdoor dawn wellness photography, cold morning atmosphere","Dawn. Steam. Forest floor.","Ready","Day 11","Static-3","11:30am"
"16","Smart Pet Wellness","Static Image","Adventure / Siberian Cat Snow Watch","Siberian Cat Snow Watch | Winter Cabin Cat Photography 2026","Save this for your Siberian cat and winter cabin board. A Siberian cat at a full-glass cabin window watching the snowfall — the cat perfectly still the snowflakes outside perfectly sharp. Winter from inside. #SiberianCat #CabinCat #SnowCat #WindowCat #CatWinter #GlassCabin #CatLife","Fluffy white Siberian cat sitting on windowsill of full-height glass cabin window watching snowfall, individual snowflakes visible outside glass in sharp detail, warm amber cabin interior behind cat","Hyper-realistic 9:16 vertical photo, a large fluffy white and cream Siberian cat sits on the windowsill of a full-height glass cabin window, the cat faces outward in absolute stillness watching the snowfall, outside the glass snowflakes fall in all sizes — the closest to the glass are in sharp detail each snowflake individually identifiable, the snowflakes further away are soft bokeh circles of white, the pine forest beyond the snow is dark and silent, inside the cabin behind the cat: warm amber floor lamp light oak floor and the edge of a cream linen sofa visible in soft focus, the warm amber interior behind the cat versus the cold blue-white snowfall outside creates maximum colour temperature contrast, the cat's thick white fur catches the window light from above and glows against the dark pine forest, the cat's green eyes track a single snowflake visible in sharp detail at eye level in front of its face, no people, 8k, cinematic indoor cat winter photography, natural window light","Snow outside. Warm inside. Watching.","Ready","Day 11","Static-4","1:30pm"
"17","Wild Stay | Off-Grid Escapes","Static Image","Darecations × Extra Celestial — Iceland Lava Field Glass Pod","Iceland Lava Glass Pod | Volcanic Off-Grid Wild Stay 2026","Save this for your wild stay and Iceland adventure board. A full-glass pod on Iceland's black lava fields — geothermal steam rising EcoFlow inside fully charged the Northern Lights starting above the craters. The most extreme wild stay on earth. #Darecations #ExtraCelestial #IcelandStay #LavaField #NordicLiving #OffGridIceland #WildStay","Full-glass pod embedded in Iceland black lava field at night, interior glowing warm amber, geothermal steam rising from lava cracks, Northern Lights green-purple curtains above, EcoFlow inside with green charge bars","Hyper-realistic 9:16 vertical photo, a low-profile full-glass rectangular pod embedded between black lava formations on an Iceland volcanic lava field at night, every glass panel glows warm amber from the interior, through the glass the complete interior is visible: a low platform bed facing the glass ceiling an EcoFlow Delta Pro x2 battery stack against the interior wall glowing with full green charge bars, the black lava field around the pod is dramatic — sharp basalt formations rise on either side of the pod like natural walls, geothermal steam vents rise from cracks in the lava field 10 metres beyond the pod — the white steam catches the amber interior light and glows in the cold night air, the sky above the lava field has the beginning of the Northern Lights: a broad curtain of green aurora spreading from the horizon to 60 degrees above the horizon in the upper portion of the frame, the contrast between the black lava field the warm amber glass pod the white geothermal steam and the green aurora creates one of the most visually extraordinary scenes imaginable, the image includes a clean minimal white sans-serif text overlay at the very bottom of the frame: ""Black lava. Aurora above. Off-grid."" — the text is small and caption-weight barely there, no people, 8k, Iceland night photography","Black lava. Aurora. Off-grid.","Ready","Day 11","Trend-Slot","3:30pm"
"18","Future Living & Off-Grid Tech","Idea Pin Video","Treehouse Forest / Dawn Reveal Video","Glass Treehouse Forest Dawn Reveal | Off-Grid Architecture Video 2026","The glass treehouse cabin in old growth forest at the exact moment dawn arrives above the canopy. Light from above. Off-grid architecture at its most otherworldly. #TreehouseCabin #ForestCanopy #DawnReveal #OffGridLiving #FutureLiving #GlassTreehouse #ArchitectureVideo","Cinematic video looking up at glass treehouse cabin from forest floor, pre-dawn darkness then dawn light descending through old-growth canopy to illuminate cabin from above","Cinematic 9:16 vertical video, begins in the old growth forest before dawn — total darkness except the warm amber glow of the glass treehouse cabin 8 metres above the forest floor, the camera is at forest floor level looking up, the cabin glows like a lantern in the complete forest dark, then the first dawn light appears at the very top of the frame — above the forest canopy a thin line of blue-gold at the sky, the canopy is in silhouette, the dawn light descends through the canopy: first the top branches are lit then light shafts form between the branches then light reaches the cabin — the glass panels catch the dawn from above, the cabin glows both with interior amber and reflected dawn gold simultaneously, the cedar deck platform catches the light and the EcoFlow on the deck rail is revealed, the forest floor remains in cool shadow below while the cabin above blazes in dual warmth, sound: forest birds beginning at first light growing louder through the video as dawn progresses, 8k no people","Dawn above. Forest below. Off-grid.","Ready","Day 11","Video","8:30pm"
"19","Future Living & Off-Grid Tech","Static Image","Glass / Underground Earth Shelter Facade","Underground Earth Shelter Glass Facade | Off-Grid Architecture 2026","Save this for your underground home and earth shelter board. The full-glass facade of an underground earth-sheltered home at sunrise — the glass reveals the interior the green roof reveals the meadow EcoFlow battery stack on the stone terrace. Architecture that disappears into the landscape. #UndergroundHome #EarthShelter #GreenRoof #OffGridArchitecture #FutureLiving #EarthHome #OffGridLiving","Underground earth shelter with full-height glass facade at sunrise, green sod roof merging naturally into meadow above, warm amber interior visible through glass, EcoFlow stack on stone terrace, mountain panorama above roof","Hyper-realistic 9:16 vertical photo, exterior of an underground earth-sheltered home embedded in a meadow hillside, shot from directly in front at ground level, the only element above the natural hillside is the full-height full-width glass facade — the glass wall sits at the face of the hillside and the earth and green sod roof extends back over the hill naturally merging into the meadow above it, through the glass facade the interior is fully visible: a warm amber living space with timber ceiling beams a wood stove with glowing amber coals a low platform sofa and an EcoFlow Delta Pro x2 battery stack on the interior wall showing green charge bars, the sunrise light hits the glass facade directly creating a simultaneous reflection-and-transmission effect where the sunrise amber reflects outward while the interior amber transmits forward, on the stone terrace in front of the glass facade a cedar outdoor bench with a ceramic mug, the mountain panorama is fully visible above the green roof at the meadow level, no people, 8k, architectural sunrise photography, earth shelter exterior","Below the meadow. Fully charged.","Ready","Day 12","Static-1","7:30am"
"20","Smart Pet Wellness","Static Image","Adventure / Black Lab Forest Trail Sprint","Black Labrador Forest Trail Sprint | Adventure Dog Photography 2026","Save this for your Labrador and forest running board. A black Labrador at full sprint on a forest trail — the black coat the emerald green light the forward motion. Some dogs run like this trail was built for them. #BlackLabrador #TrailDog #ForestDog #AdventureDog #LabradorLife #DogRun #OutdoorDog","Black Labrador sprinting at full speed on forest trail, emerald green forest light, motion blur at paws, sharp face forward, golden diagonal light shafts through canopy above","Hyper-realistic 9:16 vertical photo, shot from low ground level on a narrow forest trail, a black Labrador sprints at full speed directly toward the camera, the dog's black coat is in motion — the body at maximum stride extension all four paws off the ground at the peak of the run stride, the forest around the trail is dense and the light is a deep emerald green filtered through the canopy, narrow golden light shafts cut diagonally through the green air above the trail behind the dog, the motion blur at the trailing paws confirms speed while the face and body are sharp, the black Labrador against the emerald green forest creates maximum contrast — black on green, the pine needle trail floor shows the impression of recent footfalls in the soft earth, no people, 8k, high-speed forest dog photography, ground level","Born for trail speed.","Ready","Day 12","Static-2","9:30am"
"21","Future Living & Off-Grid Tech","Static Image","Glass / Coastal Cliff Container Home","Glass Container Home Coastal Cliff | Off-Grid Architecture 2026","Save this for your container home and coastal architecture board. Three glass-front shipping containers on a coastal cliff — full glass walls on the ocean face EcoFlow stack on the roof deck warm amber interior. The container architecture that earns its location. #ContainerHome #CoastalCabin #GlassContainer #OffGridCoastal #FutureLiving #OffGridHome #ContainerArchitecture","Three stacked shipping containers on coastal granite cliff, full glass ocean-facing walls revealing three warm amber interiors, EcoFlow stack on rooftop deck with solar array, ocean below at golden hour","Hyper-realistic 9:16 vertical photo, three stacked and offset matte black steel shipping containers on a coastal granite cliff, the ocean-facing walls of all three containers are fully glazed — floor-to-ceiling glass across the entire ocean face, through the glass the interiors of each level are visible: ground floor a kitchen with a gas range and cedar bench, mid floor a living space with a low sofa facing the ocean, top floor a bedroom platform bed facing the glass, an EcoFlow Delta Pro x2 battery stack is mounted on the rooftop deck beside a 6-panel solar array on the top container — green LED charge bars visible, the coastal cliff below the containers drops to the ocean 40 metres below, the ocean catches the last golden hour light in horizontal gold and amber streaks, the sky is deep golden hour amber and blue in maximum colour temperature contrast, the container architecture is angular and confident on the cliff edge, no people, 8k, coastal cliff architectural photography, golden hour","Cliff. Glass. Ocean below.","Ready","Day 12","Static-3","11:30am"
"22","Smart Pet Wellness","Static Image","Adventure / Fawn Greyhound Dawn Beach Sprint","Fawn Greyhound Beach Sunrise Sprint | Adventure Dog Photography 2026","Save this for your greyhound and coastal morning board. A fawn greyhound at full sprint on an empty dawn beach — the dog a blur of amber against a gold and pink sunrise. They were built for this shoreline speed. #GreyhoundLife #BeachDog #DawnDog #AdventureDog #SighthoundLife #CoastalDog #DogPhotography","Fawn greyhound at full sprint on empty beach at dawn, golden sunrise light, motion blur showing speed, wet sand reflecting pink-amber dawn colours, ocean edge visible","Hyper-realistic 9:16 vertical photo, shot from ground level on a wide empty beach at dawn, a fawn greyhound runs at full sprint parallel to the ocean shore from left to right at the wet sand edge, the dog's lean aerodynamic body is in perfect sprint form — the motion blur confirms extreme speed while the head remains relatively sharp, the wet sand below the dog reflects the dawn colours: pink gold amber, the ocean to the right catches the first sunrise gold in the small waves that break in the distance, the sky above the ocean horizon is a deep pink-amber sunrise, the beach is completely empty — the dog and its direction of travel are the only dynamic element, the greyhound's fawn coat matches the golden sand exactly in colour creating a camouflage moment, no people, 8k, dawn beach dog action photography, ground level motion","Dawn sprint. Empty beach.","Ready","Day 12","Static-4","1:30pm"
"23","Wild Stay | Off-Grid Escapes","Static Image","Darecations × Slow Travel — Japanese Mountain Tea House","Kyoto Mountain Glass Tea House | Japanese Off-Grid Wild Stay 2026","Save this for your Japanese architecture and slow travel board. A minimal glass and black cedar tea house on a Japanese mountain slope at peak autumn — maple leaves the raked gravel garden an EcoFlow compact unit the silence. The slow travel stay that redefines luxury. #Darecations #SlowTravel #JapanArchitecture #TeaHouse #JapanMountain #OffGridJapan #WildStay","Minimal glass and black cedar Japanese tea house on mountain slope at peak autumn, red-gold maple trees surrounding structure, warm amber interior visible through glass, small EcoFlow on lacquered cedar shelf, fallen maple leaves on raked gravel","Hyper-realistic 9:16 vertical photo, a minimal Japanese-inspired glass and black cedar tea house on a mountain slope surrounded by Japanese maple trees at peak autumn colour, the structure is severely minimal: black cedar posts and beams with full glass panels between them — every glass panel reveals the interior: a traditional low table two zabuton floor cushions a small EcoFlow River 2 unit on a lacquered cedar shelf with green LED indicator, the Japanese maples around the structure are at peak autumn red-orange-gold — their colours through the glass create an extraordinary interior view, fallen maple leaves in red and gold lie on the raked gravel garden in front of the tea house, a narrow stone path leads from the frame edge to the tea house entry, the mountain beyond drops away to a valley of mixed autumn forest, the sky is a soft grey autumn overcast that makes the maple colours even more intense, the image includes a clean minimal white sans-serif text overlay at the very bottom of the frame: ""Mountain tea. Autumn light. Off-grid."" — the text is small and caption-weight barely there, no people, 8k, Japanese architectural autumn photography","Mountain silence. Autumn. Tea.","Ready","Day 12","Trend-Slot","3:30pm"
"24","Future Living & Off-Grid Tech","Idea Pin Video","Coastal Container Home / Cliff Reveal Video","Coastal Cliff Container Home Reveal | Off-Grid Architecture Video 2026","A walk along the coastal path toward the cliff edge. The glass-front shipping containers revealing themselves as you arrive. Off-grid cliff architecture at its most cinematic. #ContainerHome #CoastalReveal #CliffArchitecture #OffGridLiving #FutureLiving #ContainerArchitecture #ArchitectureVideo","Cinematic video walking coastal heathland path toward cliff edge, shipping container tops appearing, then full glass-front container home revealed with ocean below and golden hour sky above","Cinematic 9:16 vertical video, begins on a coastal path walking through heathland — gorse and sea grass on both sides nothing visible above the cliff, then at the cliff edge the matte black tops of shipping containers come into view — the rooftop solar array first, the walk slows as the scale of the structure becomes clear, arriving at the cliff edge: three stacked glass-front containers facing the ocean below, the glass walls reflect the golden hour ocean light in golden mirrors, the walk down the cliff edge path reveals the full glass facade — all three levels visible with warm interior amber light, the EcoFlow stack on the roof is in frame, the ocean 40 metres below catches the light, the video ends holding on the full structure with ocean below and sky above — the absolute coastal cliff position fully revealed, sound: coastal wind waves below faint seabirds, 8k no people","Cliff edge. Ocean below. Glass walls.","Ready","Day 12","Video","8:30pm"
"25","Future Living & Off-Grid Tech","Static Image","Glass / Arctic Tundra Blue Hour Cabin","Arctic Glass Cabin Tundra | Off-Grid Architecture Blue Hour 2026","Save this for your arctic cabin and off-grid board. A minimal full-glass cabin on the arctic tundra at blue hour — EcoFlow battery wall inside fully charged the aurora beginning at the horizon. The most isolated off-grid architecture on the planet. #ArcticCabin #GlassCabin #OffGridArctic #TundraArchitecture #FutureLiving #ArcticLiving #OffGridLiving","Minimal full-glass cabin on flat arctic tundra at deep blue hour, warm amber interior fully visible through glass, EcoFlow battery wall inside with full green LEDs, faint aurora beginning at dark horizon, frozen tundra extending to all horizons","Hyper-realistic 9:16 vertical photo, a minimal rectangular full-glass cabin on flat arctic tundra at deep blue hour, every glass panel glows warm amber from the interior, through the glass the complete interior is visible: a minimal platform bed facing the glass end a single standing lamp still on from the night an EcoFlow Delta Pro x2 battery wall mounted to the interior back wall showing full green charge bars, the arctic tundra around the cabin is frozen and flat — grey-white tundra vegetation in deep frost, the sky at blue hour is a pure deep cobalt blue with the first hint of aurora green beginning at the southern horizon — a faint green wash just above the horizon line, the cabin windows glow warm amber against the deep cobalt blue tundra and sky creating maximum colour temperature contrast, the tundra extends to all horizons with no other structure visible confirming complete isolation, no people, 8k, arctic architectural blue hour photography, extreme isolation","Arctic tundra. Aurora starting. Off-grid.","Ready","Day 13","Static-1","7:30am"
"26","Smart Pet Wellness","Static Image","Adventure / Husky Sled Team Snowfield","Husky Sled Team Mountain Snowfield | Winter Dog Photography 2026","Save this for your husky team and winter adventure board. A four-Husky sled team at rest on a mountain snowfield at golden hour — each dog a perfect individual form in the golden snow. The original off-grid power. #HuskyTeam #SledDog #SnowDog #AdventureDog #WinterDog #HuskyLife #DogPhotography","Four Siberian Huskies at rest in sled harness on mountain snowfield at golden hour, each dog individually positioned and distinct, snow mountain peaks behind, warm gold side light","Hyper-realistic 9:16 vertical photo, shot from low angle across a flat mountain snowfield at golden hour, four Siberian Huskies are at rest in their sled harness lines in a diagonal line receding from the camera, each dog is individually positioned — front dog up and alert watching the mountain ahead, second dog lying flat with muzzle on paws, third dog half-lying looking toward camera, fourth dog sitting upright looking to the right, each Husky is individually distinct: black and white grey and white brown and cream pure white, the golden hour light falls across the snowfield from the right and lights the dogs in warm gold while the mountain snowfield behind them is blue-grey in long shadows, the harness lines connect each dog in a single neat line, the mountain peaks in the background are illuminated at the very top in gold, no people, 8k, golden hour sled dog photography, low angle","Original off-grid power.","Ready","Day 13","Static-2","9:30am"
"27","Future Living & Off-Grid Tech","Static Image","Glass / Stone Foundation Highland Cabin","Stone and Glass Highland Cabin | Off-Grid Architecture Scotland 2026","Save this for your stone cabin and Scottish highlands board. A stone foundation and full-glass upper cabin on a highland hill — EcoFlow stack on the stone terrace the loch below the cloud drama above. The cabin that earns its highland position. #StoneCabin #HighlandCabin #GlassCabin #ScottishHighlands #OffGridCabin #FutureLiving #HighlandArchitecture","Stone foundation and full-glass upper cabin on Scottish highland hill, rough-cut granite base with glass box above, warm amber interior visible, EcoFlow on stone terrace, dark loch below, dramatic cloud sky with gold light breaks","Hyper-realistic 9:16 vertical photo, exterior of a highland cabin with a massive stone foundation wall — rough-cut grey granite rising from the hillside — and above it a full-height full-width glass upper section sitting on the stone like a glass box on a stone plinth, through the glass the warm amber interior is fully visible: a highland living space with a tartan throw on a leather sofa a cast iron wood stove with glowing coals a single amber table lamp, on the stone terrace in front of the glass section an EcoFlow Delta Pro power station sits on the flat stone with its green LED charge bar, the Scottish highland landscape behind the cabin is dramatic: a dark loch 200 metres below and ahead of the cabin, and above the cabin a sky of extraordinary cloud drama — dark cumulus with golden light breaking through in shafts that illuminate the loch surface as gold patches, the stone wall catches the dramatic side light in grey and gold, no people, 8k, Scottish highland architectural photography, dramatic cloud light","Stone base. Glass top. Highland.","Ready","Day 13","Static-3","11:30am"
"28","Smart Pet Wellness","Static Image","Adventure / Norwegian Forest Cat Cedar Deck","Norwegian Forest Cat Cedar Cabin Deck | Outdoor Cat Photography 2026","Save this for your Norwegian Forest Cat and cabin life board. A Norwegian Forest Cat on a cedar cabin deck watching the pine forest — the cat at the exact boundary where inside becomes outside. Off-grid and completely at home. #NorwegianForestCat #CabinCat #CedarDeck #ForestCat #CatLife #OutdoorCat #CabinLife","Large fluffy Norwegian Forest Cat sitting on edge of cedar cabin deck, pine forest extending below and beyond, afternoon light on thick fur, cabin glass door slightly open behind cat","Hyper-realistic 9:16 vertical photo, a large fluffy Norwegian Forest Cat with thick brown-gold tabby fur sits on the very edge of a cedar cabin deck, front paws at the deck edge looking outward into the pine forest below, the cedar deck planks run in horizontal lines behind the cat, the cabin glass door is visible in soft focus behind the cat — slightly open, through the glass the warm amber interior of the cabin is partially visible, the pine forest extends below the deck and in all directions — tall straight pine trunks disappearing into the forest floor, afternoon light filters through the canopy at a low angle creating the alternating warm and shadow banding of late afternoon forest light, the cat's thick fur catches the warm afternoon light in extraordinary texture — individual guard hairs lit at the tips, the cat's posture is completely proprietary — this deck and this forest are entirely its domain, no people, 8k, afternoon forest cat photography, natural soft light","Boundary between inside and forest.","Ready","Day 13","Static-4","1:30pm"
"29","Wild Stay | Off-Grid Escapes","Static Image","Darecations × Overlander — Milky Way Desert Night Camp","Overlander Desert Milky Way Camp | Off-Grid Night Stay 2026","Save this for your overlander and desert night board. A matte black expedition Land Rover with rooftop tent on a desert plateau under the full Milky Way — EcoFlow on the roof rack fully charged the galaxy directly above. The ultimate Darecations overlander stay. #Darecations #OverlanderLife #MilkyWayCamp #DesertNight #CampersAndRV #OffGridOverlander #WildStay","Matte black expedition Land Rover with rooftop tent on desert plateau at night, Milky Way arch overhead, EcoFlow Delta Pro on roof rack with full green LEDs, warm amber tent glow, red sandstone formations both sides","Hyper-realistic 9:16 vertical photo, a matte black expedition Land Rover Defender with an elevated rooftop tent at desert camp position on a flat red desert plateau at deep night, the rooftop tent is fully open with warm amber light glowing inside — the amber tent against the deep night sky creates the signature colour temperature contrast, on the roof rack beside the tent an EcoFlow Delta Pro power station is secured with its green LED charge bar fully lit, a 2-panel foldable solar array is stowed flat on the roof rack — folded down for the night, the desert red sandstone mesa formations rise on both sides of the plateau in the foreground, above the entire scene the Milky Way arches from horizon to horizon in full density — thousands of stars visible in the clear desert night sky, the warm amber tent light and EcoFlow green LEDs are the only artificial light in an otherwise completely dark scene, the tyre tracks in the red sand leading to the vehicle confirm the extreme remoteness of the camp position, the image includes a clean minimal white sans-serif text overlay at the very bottom of the frame: ""Milky Way overhead. Fully charged. Nowhere."" — the text is small and caption-weight barely there, no people, 8k, desert night astronomy photography","Milky Way. Fully charged. Nowhere.","Ready","Day 13","Trend-Slot","3:30pm"
"30","Future Living & Off-Grid Tech","Idea Pin Video","Arctic Glass / Aurora Reveal Video","Arctic Glass Cabin Aurora Reveal | Off-Grid Night Video 2026","The arctic glass cabin at the exact moment the aurora develops above. From blue hour to full aurora. Off-grid architecture and the greatest light show on earth. #ArcticCabin #AuroraReveal #NorthernLights #OffGridLiving #FutureLiving #GlassCabin #ArchitectureVideo","Cinematic video of arctic glass cabin on tundra at blue hour, aurora progressively developing above from faint green wash to full curtains of green and purple, warm amber cabin below throughout","Cinematic 9:16 vertical video, begins at deep blue hour on the arctic tundra, the full-glass cabin glows warm amber in the deep cobalt blue, nothing else visible in any direction, then at the dark southern horizon a faint green appears and spreads — the beginning of the aurora, the green intensifies over 30 seconds of video: from a faint wash to distinct curtains of green and purple that develop and move, the glass cabin in the foreground remains perfectly constant in its warm amber glow while the sky above it transforms, at the peak aurora moment the sky is alive with green and purple curtains and the glass cabin glows amber below — the contrast between warm amber cabin light and electric green aurora fills the entire frame, the tundra ground between cabin and camera catches the aurora light in a faint green-purple, the video ends holding on full aurora with the cabin below — 5-second final hold, sound: arctic wind only absolute silence from the land, 8k no people","Tundra. Then the aurora started.","Ready","Day 13","Video","8:30pm"
"31","Future Living & Off-Grid Tech","Static Image","Glass / Deep Snow Valley Cabin Golden Hour","Glass Cabin Snow Valley | Off-Grid Winter Architecture 2026","Save this for your glass cabin and winter valley board. A full-glass cabin in a deep snow valley at golden hour — the valley walls above EcoFlow on the snow deck the amber warmth through the glass. The valley that appears on no map. #GlassCabin #SnowValley #WinterCabin #OffGridLiving #FutureLiving #MountainCabin #OffGridSnow","Full-glass cabin in base of deep snow valley at golden hour, mountain walls rising on three sides, warm amber interior visible through glass, EcoFlow stack on snow deck with green LEDs, last golden sun on upper peaks","Hyper-realistic 9:16 vertical photo, a full-glass rectangular cabin in the base of a deep snow valley, surrounded on three sides by steep snow-covered mountain walls that rise to dramatic peaks above, the cabin sits in the lowest point of the valley floor in deep unbroken snow, the entire front face of the cabin is floor-to-ceiling glass — the glass reveals the warm amber interior: a circular wood stove with glowing amber coals a cream platform sofa a single floor lamp, on the snow deck attached to the cabin an EcoFlow Delta Pro x2 battery stack is secured to the exterior wall — its green LED charge bar fully lit, the golden hour sun is low above the valley wall to the right and illuminates the snow-covered mountain peaks in gold while the valley floor is in the long shadow of the opposite wall, the glass cabin catches the last direct golden sun on its top glass panels creating a brilliant gold reflection above and warm amber transmission below simultaneously, maximum colour temperature contrast: warm amber interior and gold upper glass reflections versus cold blue-grey valley shadow, no people, 8k, winter valley architectural golden hour photography","Snow valley. Last light. Fully charged.","Ready","Day 14","Static-1","7:30am"
"32","Smart Pet Wellness","Static Image","Adventure / Whippet Sea Stack Coastal","Whippet Sea Stack | Coastal Adventure Dog Photography 2026","Save this for your whippet and coastal adventure board. A brindle whippet on a sea-worn rock column at the ocean edge — the dog perfectly balanced on stone at the exact scale of the sea. They were designed for the wind. #WhippetLife #CoastalDog #AdventureDog #SighthoundLife #OceanDog #BeachDog #DogPhotography","Brindle whippet standing perfectly balanced on top of sea-worn granite rock column at ocean edge, ocean waves below on three sides, dramatic coastal sky with gold light break, dog in commanding coastal pose","Hyper-realistic 9:16 vertical photo, a brindle whippet stands perfectly balanced on top of a sea-worn granite rock column at the very edge of the ocean, the rock column is 2 metres above sea level with the ocean visible on three sides below, the dog's lean muscular body is in a perfect standing pose — four paws precisely placed on the flat rock top head up eyes looking out to sea, the ocean below is dark grey-blue with small waves breaking on the rocks, the coastal sky above is a dramatic mix of dark grey cloud and golden light breaks — a beam of gold from a cloud break illuminates the rock and the dog specifically, the whippet's brindle coat catches the gold light perfectly, the ocean horizon is visible at the distance in the frame, no people, 8k, coastal dog portrait photography, dramatic sky","Built for the wind.","Ready","Day 14","Static-2","9:30am"
"33","Future Living & Off-Grid Tech","Static Image","Glass / Minimal Black Compact Mountain Deck","Minimal Black Cabin Mountain Deck | Off-Grid Architecture 2026","Save this for your compact cabin and off-grid mountain board. A minimal matte black compact cabin on a mountain deck — EcoFlow on the deck wall solar panel on the roof full glass front the mountains a painting behind. The precise off-grid minimum. #MinimalistCabin #CompactCabin #BlackCabin #OffGridCabin #FutureLiving #MountainDeck #OffGridLiving","Minimal matte black compact cabin on mountain deck, full glass front with warm amber interior, EcoFlow Delta Pro wall-mounted on exterior deck wall, 4-panel solar on flat roof, massive snow mountain panorama behind","Hyper-realistic 9:16 vertical photo, a minimal matte black compact cabin precisely 5 metres wide on a cantilevered mountain deck, the cabin is pure minimal: black walls black roof full glass front face, through the full glass front the interior is completely visible: a single platform bed facing the mountain a small wall-mounted oak desk a reading lamp on, on the exterior wall of the deck an EcoFlow Delta Pro power station is wall-mounted with its green LED charge bars glowing, on the flat roof a 4-panel compact solar array catches afternoon light, the mountain panorama behind the cabin is enormous: snow-covered peaks filling the upper two thirds of the frame, the sky above the peaks is a deep blue-purple twilight with the first stars appearing, the matte black cabin appears to float in front of the mountain panorama — a precise dark rectangle against white peaks and purple sky, maximum colour temperature contrast: warm amber interior through glass versus cold blue-purple mountain sky, no people, 8k, twilight mountain minimal architectural photography","5 metres. Mountains. Off-grid minimum.","Ready","Day 14","Static-3","11:30am"
"34","Smart Pet Wellness","Static Image","Adventure / Irish Red Setter Highland Meadow","Irish Red Setter Highland Meadow | Adventure Dog Photography 2026","Save this for your Irish Setter and mountain life board. An Irish Red Setter in a highland meadow at golden hour — the red coat and the golden grass are the same colour. The landscape and the dog unified in gold. #IrishSetter #RedSetter #GoldenHourDog #MountainDog #AdventureDog #SetterLife #DogPhotography","Irish Red Setter in side profile in highland meadow at golden hour, deep auburn-red silky coat matching golden meadow grasses, mountain ridgeline behind in soft focus, horizontal golden light","Hyper-realistic 9:16 vertical photo, an Irish Red Setter stands in a highland meadow in full golden hour light, the dog faces slightly away from the camera in a noble side profile, its deep auburn-red silky coat catches the horizontal golden light and becomes almost luminescent — the red of the coat and the gold of the meadow grasses are within the same warm tonal range creating a near-camouflage effect where dog and meadow are unified in colour, individual grass seeds and flower heads catch the golden light as bright points in the foreground, the highland meadow extends to a mountain ridgeline behind the dog in soft focus, the sky above is deep golden amber at the horizon and blue above, the dog stands completely still and the warm gold of the scene is overwhelming, no people, 8k, golden hour highland dog photography, side profile","Same colour as the meadow.","Ready","Day 14","Static-4","1:30pm"
"35","Wild Stay | Off-Grid Escapes","Static Image","Darecations × Watercraft — Floating Glass Boathouse Loch","Floating Glass Boathouse Scottish Loch | Off-Grid Water Stay 2026","Save this for your floating home and off-grid watercraft board. A full-glass floating boathouse on a Scottish loch at dusk — warm amber interior EcoFlow battery wall inside fully charged a mirror-perfect loch surface. The Darecations water stay that redefines the lake. #Darecations #FloatingHome #BoathouseStay #ScottishLoch #OffGridWater #WildStay #WatercraftLiving","Full-glass floating boathouse on Scottish loch at dusk, warm amber interior with EcoFlow battery wall visible through glass, perfect mirror reflection in still loch, dark mountain walls reflected on both sides, pink-gold dusk sky","Hyper-realistic 9:16 vertical photo, a full-glass floating boathouse cabin on a completely still Scottish loch at dusk, the structure sits on a black steel floating platform, every glass wall panel glows warm amber from the interior — through the glass the complete interior is visible: a low platform bed facing the glass bow of the boathouse a timber deck lounger an EcoFlow Delta Pro x2 battery wall mounted to the interior back wall glowing with full green charge bars a small prow section with a cedar seat, the loch surface is completely still at dusk and reflects the boathouse cabin as a perfect mirror below — the warm amber interior appears both above the water and below simultaneously, the Scottish loch is flanked by dark mountains that rise steeply on both sides with their reflections also visible below the waterline, the dusk sky is a graduated pink-gold to deep blue that reflects in the loch as well — the entire scene is a set of stacked horizontal mirrors: sky mountain boathouse water-reflection, the image includes a clean minimal white sans-serif text overlay at the very bottom of the frame: ""Floating. Loch. Off-grid."" — the text is small and caption-weight barely there, no people, 8k, dusk loch architectural photography","Floating. Loch reflection. Off-grid.","Ready","Day 14","Trend-Slot","3:30pm"
"36","Future Living & Off-Grid Tech","Idea Pin Video","Highland Stone Glass / Reveal Video","Highland Stone Glass Cabin Reveal | Scottish Architecture Video 2026","A walk along the highland ridge toward the cabin that emerges from the granite and heather. Stone foundation. Glass top. The highland reveal. #HighlandCabin #StoneGlass #ScotlandReveal #OffGridLiving #FutureLiving #HighlandArchitecture #ArchitectureVideo","Cinematic video walking highland ridge path, stone wall gradually revealing itself from hillside then glass upper section appearing above, warm amber interior visible through glass, highland loch below, mountain panorama","Cinematic 9:16 vertical video, begins walking along a highland ridge path — heather and granite underfoot grey sky above, a highland loch visible 200 metres below to the left, nothing unusual at first, then at 60 metres a stone wall begins to emerge from the hillside ahead — a rough granite wall that appears to be part of the natural hillside initially, walking closer the wall becomes distinct from the hillside: cut granite blocks and a precise geometric form, at 30 metres the glass section above the stone wall catches the light — a full-glass upper section appears above the stone base, the walk arrives at the structure which reveals itself fully: stone foundation glass upper section, through the glass the warm amber interior glows, the highland panorama behind the cabin: loch below mountains all around, the video ends on a full hold of the stone-glass cabin against the highland landscape, sound: highland wind heather underfoot the creak of a gate, 8k no people","Stone. Then glass. Then highland.","Ready","Day 14","Video","8:30pm"
"37","Future Living & Off-Grid Tech","Static Image","Glass / The Winning Formula — Snow Mountain Twilight","Glass Mountain Cabin Twilight | The Off-Grid Formula 2026","Save this for your glass cabin and mountain off-grid board. The full-glass cabin in deep mountain snow at twilight — EcoFlow stack on the exterior deck glowing green interior amber the sky deep blue-purple. The formula that the internet keeps saving. #GlassCabin #OffGridFormula #SnowMountain #FutureLiving #EcoFlow #OffGridLiving #MountainCabin","Full-glass rectangular cabin in deep mountain snow at twilight, maximum contrast warm amber interior through glass vs cold blue-purple sky, EcoFlow Delta Pro x2 on exterior deck full green LEDs, snow mountain peaks flanking both sides","Hyper-realistic 9:16 vertical photo, a minimal full-glass rectangular cabin in deep mountain snow at twilight, every glass panel reveals the warm amber interior: a cream platform bed facing the mountains a single floor lamp casting amber light a white linen duvet, on the exterior cedar deck an EcoFlow Delta Pro x2 battery stack is mounted directly on the exterior cabin wall — its green LED charge bars are the brightest single element on the exterior, the mountain range behind the cabin is snow-covered and dramatic — peaks rising to both left and right of the cabin framing it perfectly, the sky at twilight is a deep blue-purple at the zenith transitioning through cobalt to a thin amber line at the mountain horizon, the snow field in the foreground is completely undisturbed white leading directly to the cabin in perfect perspective, maximum colour temperature contrast: warm amber interior through full glass versus cold deep blue-purple mountain sky, the composition is tight and precise — cabin centered mountain flanking sky above snow below, no people, 8k, twilight mountain architectural photography, maximum contrast formula","Amber inside. Blue outside. Formula.","Ready","Day 15","Static-1","7:30am"
"38","Smart Pet Wellness","Static Image","Adventure / Three Huskies Mountain Dawn Pack","Three Huskies Mountain Dawn | Arctic Dog Pack Photography 2026","Save this for your husky pack and mountain board. Three Siberian Huskies on a mountain snow at dawn — each looking a different direction each seeing a different horizon. The pack that owns the mountain at first light. #SiberianHusky #HuskyPack #MountainDog #ArcticDog #AdventureDog #DawnDog #HuskyLife","Three Siberian Huskies standing on mountain snow at dawn in loose diagonal, each dog distinct colour and looking different direction, pink-gold dawn light on snow, individual breath mist visible","Hyper-realistic 9:16 vertical photo, three Siberian Huskies stand on a snow-covered mountain at dawn, positioned in a loose diagonal line from foreground to background, each dog is individually distinct: the closest is black and white with icy blue eyes looking directly to camera, the middle is grey and cream looking toward the right at the valley below, the furthest is pure white looking up at the mountain peaks above, the dawn light is pink-gold and arrives from the right side of the frame — it illuminates the sides of all three dogs in warm gold while the far sides are in blue shadow, the snow under their paws is fresh and their breath mists in the cold air — three sets of breath vapor catch the dawn light, the mountain peaks above are lit in pure gold at the very top, the sky is pink-gold at the horizon and deep blue at the zenith, each dog is entirely individual — three different postures three different directions three different expressions, no people, 8k, dawn mountain dog photography, individual character","Three Huskies. Dawn. Mountain.","Ready","Day 15","Static-2","9:30am"
"39","Future Living & Off-Grid Tech","Static Image","Glass / Mono-Pitch Matte Black Mountain Cabin","Mono-Pitch Glass Cabin | Matte Black Mountain Architecture 2026","Save this for your modern cabin and mono-pitch architecture board. A mono-pitch full-glass and matte black steel cabin on a mountain slope — the angled roofline directing everything toward the mountain panorama EcoFlow on the deck. Architecture with one idea done perfectly. #MonoPitch #ModernCabin #BlackCabin #GlassCabin #OffGridCabin #FutureLiving #MountainArchitecture","Mono-pitch matte black steel cabin on mountain slope, single angled black steel roof sweeping over full glass lower face, warm amber interior visible, EcoFlow stack on shaded deck, snow mountain panorama behind glass","Hyper-realistic 9:16 vertical photo, a mono-pitch cabin with a single steeply angled matte black steel roof pitching from a high back wall to a low full-glass front face, the angled roof overhangs the full-glass lower front face — the glass wall is floor-to-ceiling and reveals the warm amber interior: a platform bed parallel to the glass a low cedar credenza a reading lamp, the matte black steel structure above the glass overhangs the deck below casting a deep shadow, on the cedar deck below the overhang an EcoFlow Delta Pro x2 battery stack is wall-mounted on the black steel rear wall with green LED charge bars glowing in the shade, the cabin sits on a mountain slope with the snow mountain panorama extending behind and above the cabin's glass face, the sky is deep blue at the zenith and pale gold at the mountain horizon where the afternoon sun is low, the mono-pitch geometry creates a strong diagonal line across the frame, no people, 8k, afternoon mountain architectural photography, mono-pitch geometry","One slope. One direction. All glass.","Ready","Day 15","Static-3","11:30am"
"40","Smart Pet Wellness","Static Image","Adventure / Black Cat Glass Cabin Rain Window","Black Cat Glass Window Rain | Cabin Weather Cat Photography 2026","Save this for your black cat and cabin life board. A sleek black cat at a full-glass cabin window watching the mountain rain — the cat in the amber warmth the rain on the cold glass. The most content living arrangement in off-grid architecture. #BlackCat #CabinCat #RainCat #WindowCat #CatLife #GlassCabin #CatWindow","Sleek all-black cat sitting on cedar windowsill of full-height glass cabin window, heavy mountain rain streaking down glass outside, warm amber cabin interior behind cat, green eyes the only colour accent","Hyper-realistic 9:16 vertical photo, a sleek all-black short-haired cat sits on a wide cedar windowsill in a full-height glass cabin window, the cat faces the glass completely still watching the rain outside, outside the glass rain falls heavily — water streaks down the glass in vertical lines, the mountain view beyond the glass is blurred by the rain into soft grey-green watercolour forms, the rain on the glass surface catches the interior amber light in thousands of tiny amber beads, inside the cabin behind the cat: warm amber floor lamp light the edge of a cream sheepskin rug, the black cat against the amber interior and the grey rain outside creates maximum tonal and temperature contrast — black form warm amber behind cold grey-blue rain outside, the cat's green eyes are the only colour accent in the scene, it watches the rain with absolute stillness — completely content to be inside, no people, 8k, cinematic indoor cat rain photography, natural window light","Rain outside. Amber inside. Not leaving.","Ready","Day 15","Static-4","1:30pm"
"41","Wild Stay | Off-Grid Escapes","Static Image","Darecations × Extra Celestial — Cliff Edge Glass Box Stay","Cliff Edge Glass Box Stay | Off-Grid Extreme Wild Stay 2026","Save this for your wild stay and extreme architecture board. A full-glass box cabin at the absolute edge of a coastal cliff — nothing between the glass and the Atlantic below. EcoFlow inside fully charged. The Darecations stay that only people who dare themselves ever book. #Darecations #ExtraCelestial #CliffEdgeStay #GlassBox #OffGridCoastal #WildStay #ExtremeArchitecture","Full-glass box cabin at absolute edge of coastal cliff projecting over Atlantic, glass floor panels revealing cliff face and ocean 60m below, warm amber interior with EcoFlow battery stack inside, dramatic purple-blue twilight sky","Hyper-realistic 9:16 vertical photo, a full-glass rectangular box cabin positioned at the absolute edge of a dramatic coastal cliff projecting 1 metre over the cliff edge, the cliff face drops vertically to the Atlantic Ocean 60 metres below — through the glass floor panels the cliff face and ocean directly below are visible, every glass wall and floor panel glows warm amber from the interior — through the glass the complete interior is visible: a king platform bed positioned directly at the glass ocean-facing end an EcoFlow Delta Pro x2 battery stack built into the interior back wall glowing with full green charge bars a glass shelf with two glasses, below the cabin the cliff face is dark grey granite dropping vertically to the ocean, the Atlantic below is dark navy blue with white foam where waves break on the cliff base 60 metres down, the sky at twilight is a deep dramatic purple-blue with the last amber glow at the horizon, the contrast between the warm amber glass cabin and the cold deep purple ocean and sky is extraordinary, the image includes a clean minimal white sans-serif text overlay at the very bottom of the frame: ""Glass floor. 60m above Atlantic."" — the text is small and caption-weight barely there, no people, 8k, cliff edge architectural photography, dramatic extreme position","Glass floor. 60m drop. Off-grid.","Ready","Day 15","Trend-Slot","3:30pm"
"42","Future Living & Off-Grid Tech","Idea Pin Video","Snow Valley / Cabin Walk Reveal Video","Snow Valley Glass Cabin Walk Reveal | Off-Grid Architecture Video 2026","The walk down into the snow valley toward the single glass cabin at the lowest point. The valley closing around you. The only light in the valley below. Off-grid architecture reveal. #SnowValley #GlassCabin #ValleyReveal #OffGridLiving #FutureLiving #SnowCabin #ArchitectureVideo","Cinematic video walking down mountain pass into snow valley, single amber point of light in valley base resolving progressively into glass cabin, valley walls closing in, final frame on cabin with EcoFlow visible on deck","Cinematic 9:16 vertical video, begins at the top of a mountain pass looking down into a deep snow valley, a single amber point of light is visible at the very bottom of the valley — barely visible from this height, the walk begins down the mountain path into the valley, with each step the amber point of light grows slightly larger and resolves progressively from a point to a glow to a clearly defined warm rectangle as the glass cabin comes into focus, the valley walls close in on both sides as the descent continues confirming the extreme isolation — this cabin is in the base of a valley with no road visible, at 30 metres the full glass cabin is visible: full glass front face glowing amber the EcoFlow stack on the exterior deck visible the undisturbed snow field leading to the cabin door, the final frame holds on the full cabin in the snow valley floor with the valley walls rising steeply on both sides, sound: absolute silence the crunch of snow underfoot cold wind in the valley walls, 8k no people","Down into the valley. Only light.","Ready","Day 15","Video","8:30pm"
"43","Future Living & Off-Grid Tech","Static Image","Glass / The Full Circle Formula — Definitive Version","The Formula | Glass Snow Mountain Cabin Off-Grid 2026","Save this for your ultimate glass cabin and off-grid board. The formula that the internet saved 45 times: full-glass cabin in snow mountains at twilight EcoFlow on the exterior deck warm amber inside cold blue-purple sky. Built to be saved again. #GlassCabin #TheFormula #OffGridLiving #FutureLiving #EcoFlow #SnowCabin #MountainCabin","The definitive version of the formula: full-glass cabin in deep mountain snow at twilight, symmetrical snow peaks flanking both sides, maximum colour contrast warm amber interior vs deep blue-purple sky, EcoFlow Delta Pro x2 on exterior wall full green LEDs","Hyper-realistic 9:16 vertical photo, the definitive version of the formula: a minimal full-glass rectangular cabin in deep mountain snow at twilight, the composition is architecturally perfect — the cabin is centered with snow-covered mountain peaks rising symmetrically on both sides to frame it, every glass panel reveals the warm amber interior in complete detail: a cream linen platform bed centered in the frame a white sheepskin rug on an oak floor a single arc floor lamp casting warm amber a leather-bound notebook on a side table, directly mounted on the exterior cabin wall beside the door an EcoFlow Delta Pro x2 battery stack — its green LED charge bars are fully lit and are the brightest single element on the exterior, the snow field in the foreground is completely undisturbed white leading directly to the cabin in perfect perspective, the sky at deep twilight is a maximum blue-purple from zenith to mid-frame transitioning through cobalt to a thin amber line at the mountain horizon, the mountain peaks catching the very last snow-glow light above the main shadow line, the colour temperature contrast is at absolute maximum: warm amber interior and exterior EcoFlow green versus cold deep blue-purple sky and shadow, no people, 8k, twilight mountain architectural photography, the definitive formula","The formula. Saved again.","Ready","Day 16","Static-1","7:30am"
"44","Wild Stay | Off-Grid Escapes","Static Image","Darecations × Surfside — Maldives Overwater Glass Villa","Maldives Overwater Glass Villa | Off-Grid Luxury Wild Stay 2026","Save this for your Maldives and overwater living board. A full-glass overwater villa on a Maldives coral atoll at sunset — warm amber interior EcoFlow solar fully charged turquoise ocean below the glass floor. The Darecations × Surfside dream stay. #Darecations #SurfsideLiving #MaldivesStay #OverwaterVilla #OffGridOcean #WildStay #OceanLiving","Full-glass overwater villa on Maldives coral atoll at sunset, warm amber interior with EcoFlow battery wall visible, turquoise ocean and coral visible below glass floor panels, extraordinary amber-gold sunset sky above","Hyper-realistic 9:16 vertical photo, a full-glass overwater villa on a Maldivian coral atoll at sunset, the villa is minimal and glass on all sides including the floor section over the ocean — through the glass floor panels the turquoise ocean below and coral formations are clearly visible, every glass wall panel glows warm amber from the interior — through the glass the complete interior is visible: a king platform bed with white linen facing the sunset glass wall an EcoFlow Delta Pro x2 battery wall mounted to the interior back wall glowing with full green charge bars confirmed by the rooftop solar array a low cedar deck chair facing the sunset, the turquoise ocean below the villa is lit by the sunset and glows amber-gold in the shallows with deep blue in the deeper water beyond, the sunset is an extraordinary Maldivian sunset: pure amber-gold at the horizon with a layer of coral pink above and deep blue at the zenith, the ocean reflects the sunset perfectly, the image includes a clean minimal white sans-serif text overlay at the very bottom of the frame: ""Turquoise below. Amber above. Fully charged."" — the text is small and caption-weight barely there, no people, 8k, Maldives overwater sunset architectural photography","Glass floor. Ocean below. Sunset.","Ready","Day 16","Trend-Slot","3:30pm"
