"Post #","Board","Title","Description","Alt Text","AI Prompt","In-App Text Hook","Status","Posting Day","Slot","SL Post Time"
"1","Future Living & Off-Grid Tech","Glass Pontoon Cabin Sunrise Mirror | Lake Tahoe Watercraft Architecture 2026","Save this for your off-grid watercraft architecture and alpine lake design board. A full-glass pontoon cabin floating on the mirror-still surface of Lake Tahoe at sunrise — the Sierra Nevada granite peaks, the pale dawn sky, and the glass cabin itself all reflected with perfect symmetry in the undisturbed water below. This is the visual formula behind the most-saved pin on this account, rebuilt with a new setting. The cabin: two pontoon platforms in marine-grade steel, a full-glass residential volume above, warm amber interior glowing from inside. EcoFlow Pro solar array on the south-facing roof catching the first rays of the Sierra dawn. The water: crystal-clear, so still the reflection is indistinguishable from the real. The reflection and the reality become one composition. No dock, no road, no grid. Just glass, granite, and the morning lake. Save this for your floating architecture dream board. #WatercraftArchitecture #LakeTahoe #GlassCabin #OffGridLiving #FutureLiving #FloatingHome #SierraNevada","Full-glass residential cabin on twin marine-steel pontoon platforms floating on mirror-still Lake Tahoe at sunrise, Sierra Nevada granite peaks reflected in both glass walls and lake surface creating double symmetry, warm amber interior visible, EcoFlow Pro solar roof, perfect dawn reflection","Hyper-realistic 9:16 vertical photo, Style A Quiet Luxury. A full-glass cabin sits on twin marine-grade steel pontoon platforms on perfectly mirror-still Lake Tahoe at sunrise. The glass walls: completely transparent — from outside, the warm amber interior is visible (suspended platform bed, minimal furnishings, EcoFlow Pro unit with green LED at floor level). The Sierra Nevada granite peaks: catching the first pale gold of sunrise, reflected simultaneously in the glass cabin walls AND the mirror-still lake below — a triple-layer reflection (real peaks, glass reflection, water reflection) creating a vertigo-inducing visual symmetry. The pontoon platforms: low to the water, matte steel. Rooftop: flush solar panel array angled south, catching first light. The lake water: so still the reflection is a perfect inversion of the real scene. Dawn mist at water level. No people. 8k, cinematic floating architecture photography, Lake Tahoe sunrise, triple reflection symmetry.","Still water. Still mind.","Ready","Day 1 — Mon June 16","Slot-1","7:30am"
"2","Smart Pet Wellness","Lynx Alpine Snowfield Twilight | Wilderkind North American Predator 2026","Save this for your Wilderkind big cat and North American predator board. A Canada lynx on a windswept alpine snowfield at twilight — those extraordinary snowshoe paws the size of dinner plates, the tufted ear tips backlit by the last purple-rose light, the enormous amber eyes looking directly through the camera. The Canada lynx is the most architecturally perfect predator in North America: the tufted ears, the broad snowshoe feet, the thick silver-grey winter coat. At twilight on a high alpine snowfield, it is completely in its element and completely otherworldly. The snowfield: high alpine, Sierra Nevada, swept by wind that creates rippled sastrugi surface patterns. Save this for your rarest Wilderkind portrait board. #Wilderkind #CanadaLynx #AlpineWildlife #NorthAmericanPredator #TwilightWildlife #PredatorPortrait #AnimalPhotography","Canada lynx on windswept Sierra Nevada alpine snowfield at twilight, extraordinary oversized snowshoe paws visible on sastrugi snow surface, tufted ear tips backlit by purple-rose last light, enormous amber eyes in direct eye contact, thick silver-grey winter coat, low purple twilight sky","Hyper-realistic 9:16 vertical photo, Style A Quiet Luxury. Wilderkind aesthetic. A Canada lynx stands on a windswept alpine snowfield at twilight. The snowshoe paws: the defining feature — enormous, flat, each wider than the lynx's own face, placed on the sastrugi-patterned wind-rippled snow surface. The ear tufts: backlit by the last purple-rose twilight light, the black tips glowing. The enormous amber eyes: staring directly at camera with calm, intelligent predator focus. The thick silver-grey winter coat: rimlit by the cool purple-rose light. The alpine snowfield: high Sierra Nevada, the wind-rippled sastrugi pattern of the snow adding texture. Behind: a pale purple twilight sky, the first star barely visible. Shot from ground level looking up slightly. No people. 8k, alpine twilight wildlife photography, Canada lynx snowshoe paws, purple-rose rim-light.","Snowshoe paws. Twilight eyes.","Ready","Day 1 — Mon June 16","Slot-2","9:30am"
"3","Nail Aesthetic & Art Inspo","3D Swarovski Crystal Nails | Gem Nail Art Editorial 2026","Save this for your 3D nail art and crystal gem nail inspiration board. A medium almond gel nail set with hand-placed Swarovski AB crystals — micro to large crystals clustered at the base of each nail, the AB coating creating a rainbow fire inside each facet under studio lighting. This is nail art at the highest craft level: each crystal placed individually, the cluster pattern graduating from micro seed crystals at the edges to a 4mm statement crystal at the centre. Shot on black obsidian stone with a single loose 8mm Swarovski crystal as a styling prop. The ring light creates a perfect circular reflection in each crystal facet simultaneously — 50 individual rainbow reflections visible across the set. Save this for your most ambitious nail appointment. #CrystalNails #3DNailArt #SwarovskiNails #GemNails #NailArt #NailInspo #GelNails2026","Extreme close-up macro editorial nail photograph of medium almond gel nails with hand-placed Swarovski AB crystal clusters graduating from micro seed crystals to 4mm statement crystal, rainbow fire refraction visible in every facet, black obsidian stone backdrop, single loose 8mm Swarovski prop, ring light creating circular reflection in each crystal","Ultra-photorealistic 9:16 vertical macro nail photograph, shot on a Phase One medium format camera. Medium almond-shaped gel nails with a sheer soft pink gel base, hand-placed Swarovski AB crystal clusters at the base of each nail: micro 1mm seed crystals at the outer edges graduating to a 2mm mid-cluster to a single 4mm AB Swarovski statement crystal at the centre of each nail base. The AB crystal coating: rainbow fire visible inside each facet — every cut surface refracting the ring light into a different spectral colour simultaneously, 50+ individual rainbow reflections visible across the full set. The black obsidian stone backdrop: polished mirror-finish, reflecting a faint ghost image of each nail below. A single loose 8mm Swarovski AB crystal placed at lower right as styling prop, its facets scattering rainbow light across the obsidian surface. Lighting: ring light directly above creating a perfect circular white reflection in the largest crystal on each nail — visible as a clean white ring inside each crystal centre. Extreme close-up: 3 nails filling the frame at centre. 8k, tack-sharp crystal macro photography, nail finish is the hero.","50 rainbows. 10 nails.","Ready","Day 1 — Mon June 16","Slot-3","11:00am"
"4","Future Living & Off-Grid Tech","Corten Steel Sauna House PNW Dock | Waterfront Wellness Architecture 2026","Save this for your Corten steel sauna and waterfront wellness architecture board. A Corten steel sauna house on a Douglas fir dock extending over a Pacific Northwest lake — the steel weathering through three visible stages on the facade, the sauna's cedar-lined interior glowing amber through a narrow full-height glass slot on the lake face. Steam rising from the outdoor cold-plunge tub at the dock's end, the cold plunge fed directly from the lake below through a copper pipe. The dock: Douglas fir planking, the water visible between the boards. The PNW rainforest: old-growth cedar crowding the shoreline behind. This is waterfront wellness architecture: the Corten exterior that ages into the landscape, the cedar interior that smells like the forest, the lake that supplies the cold plunge. Off-grid. EcoFlow heating system. Everything works with what's there. Save this. #CortenSteel #SaunaHouse #WaterfrontArchitecture #PNWLife #OffGridWellness #FutureLiving #MetalArt","Corten steel sauna house on Douglas fir dock over PNW lake, three weathering stages visible on steel facade, narrow full-height glass slot showing amber cedar interior with steam, outdoor cold-plunge tub at dock end with steam rising, PNW old-growth cedar forest shoreline, overcast morning light","Hyper-realistic 9:16 vertical photo, Style A Quiet Luxury. A compact Corten steel sauna house sits on a Douglas fir dock extending over a Pacific Northwest lake. The Corten facade: three distinct weathering stages — bright orange-rust on the newest upper panels, warm amber-brown in the middle, deep chocolate on the most weathered dock-level sections. A single narrow full-height glass slot on the lake-facing wall: visible through it is the warm amber cedar interior of the sauna, steam condensation visible on the inside of the glass. At the end of the dock: a timber-framed cold plunge tub, steam rising from its surface in the cool PNW air, a copper pipe connecting it to the lake below. The Douglas fir dock planking: weathered silver, the dark lake water visible between the boards. The PNW old-growth cedar and fir forest crowds the shoreline behind. EcoFlow heating panel barely visible through the glass slot. Overcast diffused PNW light. No people. 8k, cinematic waterfront sauna architecture photography, Corten steel, PNW dock.","Sweat. Steam. Cold lake.","Ready","Day 1 — Mon June 16","Slot-4","12:30pm"
"5","Nail Aesthetic & Art Inspo","Cat Eye Magnetic Gel Nails | Duochrome Shift Nail 2026","Save this for your cat eye nails and duochrome magnetic gel inspiration board. A cat eye magnetic gel nail set in deep amethyst-to-emerald duochrome — the magnetic particles pulled to the centre of each nail creating the signature cat-eye beam of light that shifts from purple to green depending on the viewing angle. Shot as an extreme side-profile close-up of three nails showing the depth of the cat-eye beam at three different angles simultaneously, on a brushed dark gold metal surface. The magnetic beam: a concentrated line of bright reflected light running from base to tip of each nail, shifting colour as the viewing angle changes. This is the nail trend that stops every scroll on Pinterest in 2026. Save this before your next salon appointment. #CatEyeNails #MagneticGel #DuochromeNails #NailTrend2026 #GelNails #NailAesthetic #NailInspo2026","Extreme side-profile macro close-up of three medium oval cat-eye magnetic gel nails in amethyst-to-emerald duochrome, magnetic particle beam visible as concentrated light line from base to tip shifting from purple to green at each angle, three nails at three different angles showing colour shift, brushed dark gold metal backdrop","Ultra-photorealistic 9:16 vertical macro nail photograph, shot on a Phase One medium format camera. Three medium oval nails in cat-eye magnetic gel, photographed from an extreme side-profile close-up angle, the nails positioned at three slightly different angles to the camera — each showing the cat-eye beam at a different phase of its colour shift. The gel base: deep amethyst purple. The magnetic cat-eye beam: a concentrated brilliant line of light running vertically from nail base to nail tip. On the leftmost nail (viewing at 15 degrees): the beam is deep emerald green. Centre nail (viewing at 30 degrees): the beam is shifting teal-green. Right nail (viewing at 45 degrees): the beam is pure amethyst purple. The colour physics of the duochrome shift made visible simultaneously across three nails. Backdrop: brushed dark gold metal plate — the warm gold creating maximum contrast with the cool purple-green duochrome. Lighting: two hard sources at 45 degrees left and right, maximising the cat-eye beam visibility. Shot from extreme side-profile angle showing nail depth. 8k, tack-sharp magnetic gel macro photography, cat-eye beam is the hero.","One nail. Three colours.","Ready","Day 1 — Mon June 16","Slot-5","2:00pm"
"6","Smart Pet Wellness","Basenji Colorado Canyon Run | Ancient Breed Desert Sprint 2026","Save this for your Basenji and Colorado canyon adventure board. A red-and-white Basenji at full sprint across the sandstone rim of a Colorado canyon — that small, perfectly proportioned body coiled and explosive in mid-stride, the copper-red coat brilliant against the warm orange Navajo sandstone, the canyon void dropping away behind. The Basenji is the only dog that cannot bark — the barkless dog of Central Africa, one of the oldest domesticated breeds on Earth. In a Colorado canyon at golden hour, it looks exactly like what it is: an ancient athlete in ancient geology. The canyon: genuine Colorado Plateau sandstone — warm orange, smooth, ancient. The drop behind: 300 metres of canyon depth, the river visible as a silver thread far below. Save this for your adventure dog and canyon aesthetic board. #Basenji #ColoradoCanyon #AdventureDog #AncientBreed #DogPhotography #CanyonRun #ColoradoPlateau","Red-and-white Basenji at full sprint on smooth Colorado Plateau sandstone canyon rim, copper-red and white coat blazing in golden hour horizontal light, all four paws airborne at peak stride, canyon void dropping 300 metres behind with silver river thread far below, warm orange sandstone foreground","Hyper-realistic 9:16 vertical photo, Style A Quiet Luxury. A small, perfectly proportioned red-and-white Basenji runs at full sprint across the rim of a Colorado Plateau canyon at golden hour. All four paws are off the warm sandstone at peak stride — the body perfectly coiled in the explosive mid-stride position. The copper-red and white coat: blazing in the horizontal golden hour light from the right, the white chest bib and white paws brilliant. The wrinkled forehead: characteristic of the breed, visible in the sprint face. The sandstone surface: smooth ancient Colorado Plateau sandstone, warm orange, the late light raking across it creating gentle shadow texture. Behind the dog: the canyon drops away — 300 metres of open void, the canyon walls on the far side in warm orange light, a silver river thread visible far below. Shot from canyon-rim level, slightly below the dog. No people or leash. 8k, Colorado canyon golden hour dog photography, Basenji sprint, canyon depth.","Ancient dog. Ancient canyon.","Ready","Day 1 — Mon June 16","Slot-6","3:30pm"
"7","Build. Scale. Ship. — Software Studio","Salon Booking App UI Studio | Software That Runs Your Business 2026","Save this for your business software and salon management technology board. A premium software studio workspace at dusk — the main monitor showing the UI of a custom salon booking management system: appointment calendar view, client profiles, staff roster, revenue dashboard. This is what good business software looks like when it is designed by people who understand your industry, not just technology. The booking system on screen: a clean, modern interface in deep teal and white — no clutter, no generic SaaS template. Client appointment cards, SMS reminder status, staff availability grid. Behind the desk: a floor-to-ceiling glass wall showing a city at dusk. The desk: minimal, modern, a symbol of what happens when the software runs the business so the owner doesn't have to. Save this for your salon tech and business automation board. #SalonSoftware #BookingSystem #BusinessTech #SalonManagement #CustomSoftware #SoftwareStudio #BusinessAutomation","Modern studio workspace at city dusk with main monitor showing custom salon booking management system UI — appointment calendar, client profiles, staff roster, revenue dashboard in teal and white — floor-to-ceiling glass city view at dusk behind, clean minimal desk, secondary monitor with project timeline","Hyper-realistic 9:16 vertical photo, Style A Quiet Luxury. A minimal modern studio workspace at dusk. Main monitor: a custom salon booking management system UI — clean, modern design in deep teal and white: appointment calendar view (weekly grid, colour-coded by staff member), client profile sidebar (client name, appointment history, contact), staff availability grid, small revenue dashboard widget showing 'Today: 18 appointments / $2,340 revenue'. The UI looks genuinely custom — not a generic SaaS product. Secondary monitor: a project management board (Linear) showing sprint in progress. The desk: clean white surface, minimal items — a matte keyboard, a small plant. Through the floor-to-ceiling glass behind: a city at dusk — glass buildings catching the last golden light. No person. 8k, cinematic studio workspace photography, software UI, city dusk.","Software that never calls in sick.","Ready","Day 1 — Mon June 16","Slot-7","6:30pm"
"8","Build. Scale. Ship. — Software Studio","5 Signs Your Salon Is Losing Bookings Right Now | Software Fix 2026","Save this for your salon business management and technology solutions board. Most salon owners don't know they're losing bookings until the chair is empty on a Thursday afternoon. These 5 signs happen before the quiet months begin — each one is a symptom of a systems problem, not a marketing problem. If you recognise 3 or more of these in your business today, the issue isn't your clients — it's your booking process. The right software fixes all 5. Save this before your next slow week. #SalonBusiness #SalonSoftware #BookingSystem #SalonManagement #SalonOwner #BusinessTech #SmallBusiness","Dark editorial business infographic showing 5 warning signs of salon booking loss, each with a red warning icon and brief explanation, deep charcoal background, red-amber-teal colour scheme, solution callout at bottom, clean professional typography — no technical jargon","Clean editorial infographic, 9:16 vertical, Style B Dynamic Viral. Background: deep charcoal (#0d0d1a). Title bold white: 5 SIGNS YOUR SALON IS LOSING BOOKINGS RIGHT NOW. Subtitle amber: Most owners see these — but don't know what's causing them. Below, 5 numbered warning signs each with a red warning icon: 1 (RED ICON) — CLIENTS 'FORGET' APPOINTMENTS: You're sending reminders on WhatsApp manually. Some clients don't reply. No-shows cost you 20–30 min of dead chair time each. 2 (RED ICON) — YOU DON'T KNOW YOUR BUSIEST STAFF MEMBER: No system tracking staff utilisation means you're guessing who to roster. 3 (RED ICON) — CLIENTS BOOK ONCE AND DON'T RETURN: No automated rebooking reminder means they go wherever's convenient next time. 4 (RED ICON) — YOUR BUSIEST DAY IS CHAOS: Walk-ins, WhatsApp messages, phone calls happening at the same time. Staff spend time managing bookings instead of serving clients. 5 (RED ICON) — YOU FIND OUT ABOUT CANCELLATIONS TOO LATE: A gap appears in the schedule with no system to fill it automatically. Bottom panel (TEAL): THE FIX: A salon management system that automates reminders, tracks staff performance, fills cancellation gaps, and shows your revenue in real time. Footer amber: The right software pays for itself in the first month. Colour: charcoal, red, amber, teal. No photography.","3 of 5? It's a systems problem.","Ready","Day 1 — Mon June 16","Slot-8","9:00pm"
"9","Future Living & Off-Grid Tech","Glass Treehouse Pod Suspended Oregon Coast Forest | Canopy Living 2026","Save this for your glass treehouse and suspended architecture board. A full-glass oval pod suspended in the coastal rainforest canopy of the Oregon coast — 16 metres above the forest floor, held by a radial cable system from five Sitka spruce trunks of cathedral proportions. The pod: a glass oval, completely transparent, warm amber interior visible from below. From inside: 360 degrees of coastal rainforest canopy — the filtered grey-green light, the coastal fog threading between the giant trunks, the Pacific audible but invisible through the forest. The forest below: Sitka spruce and red cedar, sword ferns covering the floor 16 metres down. EcoFlow system powers the pod completely. A single rope ladder access — the forest floor visible through the glass floor below. Save this. #GlassTreehouse #ForestPod #OregonCoast #SuspendedArchitecture #OffGridLiving #FutureLiving #CoastalForest","Full-glass oval residential pod suspended 16 metres in Oregon coastal Sitka spruce and red cedar canopy by radial cable system from five cathedral-proportion trunks, warm amber interior glowing below coastal forest grey-green diffused light, coastal fog threading between trunks, glass floor showing forest floor far below","Hyper-realistic 9:16 vertical photo, Style A Quiet Luxury. A full-glass oval pod is suspended 16 metres above the Oregon coastal rainforest floor. The suspension: a radial stainless steel cable system from five Sitka spruce trunks — each trunk so large the cable attachments look minimal. The pod: a perfect glass oval, warm amber interior visible — a suspended hammock inside, a small EcoFlow Pro unit with green LED, a minimal reading light. Looking from directly below upward: the forest floor receding 16 metres below, the pod floating in the green-grey canopy light above, the massive Sitka spruce and red cedar trunks rising on all sides. Coastal fog: threading visibly between the upper canopy. The light: grey-green diffused coastal forest light. The glass floor of the pod: transparent — the forest floor visible through it. No people. 8k, cinematic Oregon coast treehouse pod photography, canopy suspension, coastal forest light.","Sixteen metres. No ground.","Ready","Day 2 — Tue June 17","Slot-1","7:30am"
"10","Smart Pet Wellness","Ocelot Tropical River Twilight | Wilderkind Central American Predator 2026","Save this for your Wilderkind ocelot and tropical wildlife board. An ocelot at the edge of a Central American jungle river at twilight — that extraordinary coat (the most complex pattern of any wild cat: dark rosettes, spots, and stripes layered on warm tawny-ochre) lit by the last golden-amber light before darkness, the amber eyes glowing, the river dark and still behind. The ocelot is the most visually extraordinary cat in the Americas below the jaguar — and at a jungle river at twilight, it owns the frame completely. The river: dark, slow-moving, the far bank dense with jungle. The ocelot's reflection: barely visible in the dark water below. Save this for your rarest Wilderkind predator board. #Wilderkind #Ocelot #TropicalWildlife #CentralAmerica #PredatorPortrait #TwilightWildlife #AnimalPhotography","Alert ocelot at edge of Central American jungle river at twilight, extraordinary layered coat pattern (dark rosettes, spots, stripes on tawny-ochre) lit by last golden-amber horizontal light, amber eyes glowing, dark slow river behind with faint ocelot reflection, dense jungle opposite bank","Hyper-realistic 9:16 vertical photo, Style A Quiet Luxury. Wilderkind aesthetic. An alert adult ocelot stands at the very edge of a Central American jungle river at twilight. The coat: the defining feature — extraordinarily complex layered pattern of dark rosettes, elongated spots, and chain-like stripes on a warm tawny-ochre base, each pattern element precisely detailed. The last golden-amber horizontal twilight light illuminates the coat from the right, making each dark pattern element cast a tiny shadow — the coat three-dimensional and alive in the light. The amber eyes: glowing intensely, staring directly at camera. The river: dark, slow-moving, the surface barely disturbed — a faint ghost reflection of the ocelot just visible in the dark water. The far bank: dense impenetrable Central American jungle. Shot from river-bank level, slightly below the ocelot's eye line. No people. 8k, twilight tropical wildlife photography, ocelot coat pattern detail, jungle river.","The most complex coat in the Americas.","Ready","Day 2 — Tue June 17","Slot-2","9:30am"
"11","Nail Aesthetic & Art Inspo","Holographic Rainbow Foil Nails | Multichromatic Nail Art 2026","Save this for your holographic nails and rainbow foil nail inspiration board. A short square holographic rainbow foil gel nail set — the holographic film applied over a silver gel base creating a multichromatic surface that cycles through every spectral colour as the viewing angle changes. Shot from directly above with a ring light, which creates a perfect rainbow circular halo visible in every nail simultaneously — 10 concentric rainbow circles arranged in a perfect grid. On a frosted white acrylic backdrop with a single prism crystal as styling. This is the nail aesthetic that earns saves from an audience who appreciates optical phenomena as much as fashion. Save this for your most visually spectacular nail appointment. #HolographicNails #RainbowNails #FoilNails #NailArt2026 #MultichromaticNails #GelNails #NailInspo","Overhead flat-lay macro editorial nail photograph of 10 short square holographic rainbow foil gel nails on frosted white acrylic, ring light creating perfect rainbow circular halo in each nail simultaneously visible from above, 10 concentric rainbow circles in grid arrangement, single triangular prism crystal refracting rainbow across acrylic surface, pure overhead lighting","Ultra-photorealistic 9:16 vertical macro nail photograph, shot on a Phase One medium format camera. Ten short square gel nails arranged in a perfect flat-lay grid (5-finger spread, both hands, palms down) on a frosted white acrylic surface. The nails: holographic rainbow foil applied over a silver gel base — the surface appears to shift through the full visible spectrum (red, orange, yellow, green, blue, violet) as light angle changes. Shot from directly overhead with a ring light centred above: each nail shows a perfect circular rainbow halo — the ring light creating 10 concentric rainbow circles visible simultaneously, each nail a miniature iridescent target. A single glass triangular prism crystal placed at the left edge refracts the ring light into a visible rainbow streak across the frosted acrylic surface. The frosted acrylic backdrop: soft white, slightly translucent, glowing from behind. 8k, tack-sharp holographic nail macro photography, rainbow ring reflection is the hero.","10 rainbows. Perfect grid.","Ready","Day 2 — Tue June 17","Slot-3","11:00am"
"12","Future Living & Off-Grid Tech","Mirrored Steel A-Frame Cliff Alaska | Remote Architecture 2026","Save this for your mirrored architecture and Alaskan remote living board. A mirrored steel A-frame cabin on an Alaskan coastal cliff — the mirrored exterior reflecting the rugged cliff face, the spruce forest, and the grey Alaskan sky, the cabin nearly disappearing into its own environment. This is the most remote possible iteration of the mirror architecture formula: no road, no dock (float plane access only), the wild Pacific coast below. The Alaskan coastal landscape: dramatic, granite, spruce. The mirrored A-frame: a perfect triangle that reflects everything around it. Inside: a warm amber glow visible at the peak glass gable. EcoFlow whole-home system powers the cabin. A float plane: just barely visible moored on the sea below. Save this for your remote wilderness architecture dream board. #MirroredCabin #AlaskaArchitecture #RemoteLiving #OffGridLiving #FloatPlane #FutureLiving #WildernessArchitecture","Mirrored steel A-frame cabin on Alaskan coastal cliff, mirrored exterior reflecting rugged cliff face, spruce forest and grey Alaskan sky creating camouflage-disappearance effect, warm amber glow at peak glass gable, grey Pacific coast below with float plane barely visible moored at sea, overcast Alaskan coastal light","Hyper-realistic 9:16 vertical photo, Style A Quiet Luxury. A mirrored steel A-frame cabin stands on an Alaskan coastal cliff. The exterior: fully mirrored steel panels, so reflective the cabin nearly vanishes — the rugged granite cliff face, the spruce forest, and the grey overcast Alaskan sky wrap the entire surface, the A-frame visible only as a geometric distortion of the natural landscape. The peak gable: full glass — warm amber interior glow visible at the apex. The cliff: dramatic, dropping to the grey Pacific coast below. Far below, moored in a protected cove: a float plane, barely visible, suggesting the only access. The overcast Alaskan sky: uniform grey-white, diffused. EcoFlow system barely visible through the peak glass gable. No people. 8k, cinematic mirrored wilderness architecture photography, Alaskan coast, camouflage reflection.","The cabin that vanishes.","Ready","Day 2 — Tue June 17","Slot-4","12:30pm"
"13","Nail Aesthetic & Art Inspo","Black Jelly Matte Nails | Ink Dark Luxury Nail Aesthetic 2026","Save this for your black nails and dark luxury nail aesthetic board. A black jelly matte gel nail set — the 'jelly' quality meaning the black is semi-translucent in the thinnest layers, creating a depth in the nail that a fully opaque black cannot achieve. The matte finish: velvety and light-absorbing. Shot as an extreme close-up of three long coffin nails on crumpled black silk, the only light source a single thin spotlight from directly above — a 1cm pool of silver-white light on each nail tip where the matte surface is at its most convex, the rest of the nail in deep shadow. The black silk: absorbing all light, the nails floating in darkness. This is the nail aesthetic for the quietest luxury: nothing visible, nothing reflective, just depth and texture. Save this. #BlackNails #JellyNails #MatteNails #DarkNails #QuietLuxuryNails #CoffinNails #NailAesthetic2026","Extreme close-up macro of three long coffin black jelly matte gel nails on crumpled black silk, single thin overhead spotlight creating 1cm silver-white pool of light at each nail tip on matte convex surface, rest of nail in deep shadow, nails appearing to float in darkness, matte velvety texture visible","Ultra-photorealistic 9:16 vertical macro nail photograph, shot on a Phase One medium format camera. Three long coffin-shaped gel nails in black jelly matte — the gel semi-translucent in the thinnest areas creating visible depth below the matte surface. Photographed in an extreme close-up (three nails filling 80% of the frame), on crumpled black silk fabric — the silk absorbing all light and providing no background detail, the nails appearing to float in deep shadow. Lighting: a single thin spotlight (1cm beam diameter) from directly above, creating a precise small pool of silver-white light at the tip of each nail where the matte surface is most convex — the light gradient falling off sharply from this point, the nail base disappearing into shadow. The matte texture: visible in the lit zone — a fine velvet surface. The jelly depth: barely discernible in the transitional mid-tone zone between the lit tip and the shadow base. 8k, tack-sharp dark matte nail macro photography, shadow and single light source is the hero.","Nothing reflects. Everything absorbs.","Ready","Day 2 — Tue June 17","Slot-5","2:00pm"
"14","Smart Pet Wellness","Turkish Angora Glass Sauna | Wilderkind Indoor Luxury Cat 2026","Save this for your Turkish Angora and luxury indoor cat aesthetic board. A pure white Turkish Angora cat inside a glass-walled cedar sauna at golden hour — the long silky white coat lit from behind by warm amber cedar light, the sauna's glass wall behind showing the PNW forest outside. The Turkish Angora is one of the oldest naturally occurring cat breeds in the world — silky, white, aristocratic. In a glass cedar sauna at golden hour, lit from behind, the long white fur becomes something close to sacred. The cedar walls: warm amber, fragrant, perfectly lit. The cat: on a cedar bench, sitting completely still, looking outward through the glass at the forest. The white coat: backlit to near-translucent at the tips. Save this for your luxury cat and sauna aesthetic board. #TurkishAngora #LuxuryCat #SaunaAesthetic #CedarSauna #IndoorCat #CatPhotography #PNWLife","Pure white Turkish Angora with long silky white coat on cedar bench inside glass-walled cedar sauna, coat backlit to near-translucent at tips by warm amber cedar golden hour light, glass sauna wall showing PNW forest beyond, amber cedar interior walls, cat looking outward, sacred stillness","Hyper-realistic 9:16 vertical photo, Style A Quiet Luxury. A pure white Turkish Angora cat sits in complete stillness on a cedar bench inside a glass-walled cedar sauna at golden hour. The cedar walls and ceiling: warm amber, grain visible, lit from within. The long silky white coat: backlit by the warm amber cedar light from behind — at the outermost tips of the longest guard hairs, the white fur becomes semi-translucent, glowing gold-white. The odd eyes (one amber, one blue — characteristic of some Turkish Angoras) looking outward through the glass wall toward the PNW forest. Behind the cat: the glass sauna wall, the PNW forest beyond (dense cedar, soft afternoon light filtering through). Shot from in front of the cat, the sauna interior warm behind, the forest cool and green beyond the glass. No people. 8k, luxury interior cat photography, Turkish Angora white coat, cedar sauna golden hour.","White fur. Warm cedar. Ancient breed.","Ready","Day 2 — Tue June 17","Slot-6","3:30pm"
"15","Build. Scale. Ship. — Software Studio","Tuition Institute Dashboard | Education Management Software 2026","Save this for your education management software and tuition business technology board. A clean modern studio workspace at midday — the main monitor showing the admin dashboard of a tuition institute management system: student enrolment grid, fee payment status, class schedule calendar, parent communication log. This is what the software looks like when it runs behind a successful tuition centre: every student's payment status visible at a glance, every class scheduled, every parent message logged. The director of the tuition centre doesn't need a spreadsheet, a WhatsApp group, or a filing cabinet. They need this. The studio: minimal, modern, a second monitor showing the mobile app version of the same system. Save this for your education tech and tuition management board. #TuitionSoftware #EducationManagement #TuitionCentre #EdTech #CustomSoftware #SoftwareStudio #BusinessManagement","Modern studio workspace at midday with main monitor showing tuition institute management system admin dashboard — student enrolment grid, fee payment status indicators, class schedule calendar, parent communication log in clean navy and white UI — secondary monitor showing mobile app version of same system, minimal desk","Hyper-realistic 9:16 vertical photo, Style A Quiet Luxury. A minimal modern studio workspace at midday. Main monitor: a tuition institute management system admin dashboard in a clean navy and white UI. Visible: student enrolment grid (student name, class, payment status indicator — green paid / amber pending / red overdue), a weekly class schedule calendar (classes colour-coded by subject), a parent communication log (recent SMS notifications sent), a top-level metrics strip (Total Students: 84 / This Week's Revenue: $12,400 / Outstanding Fees: $2,100). Secondary monitor: the mobile app version of the same system — student profile view on a smartphone screen. The desk: clean white, a matte keyboard, a glass of water. No person. Natural midday light through a studio window. 8k, cinematic studio workspace photography, education software UI.","Every student. Every payment. One screen.","Ready","Day 2 — Tue June 17","Slot-7","6:30pm"
"16","Build. Scale. Ship. — Software Studio","Why Tuition Centres Lose Students Without Knowing It | Tech Fix 2026","Save this for your tuition centre management and education business board. Most tuition centres lose students to competitors not because their teaching is worse, but because their administrative experience is worse. A parent who can't easily check their child's schedule, pay fees online, or get automated reminders will eventually choose the centre that can. This infographic shows the 4 invisible friction points that drive parent churn — and the simple system that fixes each one. Save this before your next enrolment intake. #TuitionCentre #EducationBusiness #TuitionSoftware #EdTech #ParentExperience #StudentRetention #BusinessTech","Dark editorial infographic showing 4 invisible parent friction points that cause tuition centre student churn, each friction point with red indicator and business impact, solution panel in teal, deep charcoal background — business language, no jargon","Clean editorial infographic, 9:16 vertical, Style B Dynamic Viral. Background: deep charcoal (#0d0d1a). Title bold white: WHY TUITION CENTRES LOSE STUDENTS WITHOUT KNOWING IT. Subtitle amber: It's not your teaching. It's your admin experience. Below, 4 friction points each with a red warning indicator: 1 (RED) — PARENTS CAN'T CHECK SCHEDULES EASILY: They message you on WhatsApp at 9pm. You reply the next morning. By then they've already called another centre. 2 (RED) — FEE PAYMENT IS INCONVENIENT: Cash only, or manual bank transfer with a reference number. Every extra step = lost revenue and parent frustration. 3 (RED) — NO AUTOMATED REMINDERS: A parent forgets class is at 4pm not 5pm. The student misses class. You lose trust. 4 (RED) — YOU HAVE NO DATA ON YOUR OWN BUSINESS: You don't know which class has the highest dropout rate, which teacher has the best retention, or which month is your highest revenue. Bottom solution panel (TEAL): A tuition management system fixes all 4. Online scheduling, digital fee payment, automated reminders, business analytics — built for exactly your business model. Footer amber: The centre with the better admin experience keeps the students, even if the teaching is equal. Colour: charcoal, red, amber, teal. No photography.","Same teaching. Better admin wins.","Ready","Day 2 — Tue June 17","Slot-8","9:00pm"
"17","Future Living & Off-Grid Tech","Glass Floating Dock Workshop PNW Inlet | Watercraft Builder Studio 2026","Save this for your waterfront workshop and floating dock architecture board. A glass-and-timber floating workshop on a Pacific Northwest inlet — the entire building on a floating steel barge platform, the workshop designed for building small wooden watercraft. The interior visible through the glass walls: a custom wooden kayak in progress on sawhorses, hand tools mounted on a timber pegboard wall, a live-edge oak workbench running the full width of the building. The inlet: grey and still, the PNW rainforest on the opposite bank. The dock system: recycled steel flotation pontoons, Douglas fir deck planking. EcoFlow solar panels power the lights and power tools. This is the workshop that builds the watercraft that our highest-affinity audience obsesses over — the intersection of Tier 1 Watercraft and Woodworking affinities in a single image. Save this. #WatercraftWorkshop #FloatingWorkshop #WoodWorkshop #PNWLife #OffGridStudio #WatercraftArchitecture #FutureLiving","Glass-and-timber floating workshop on steel barge pontoon platform on PNW inlet, custom wooden kayak in progress visible through glass walls on sawhorses, live-edge oak workbench, timber pegboard tool wall, grey still inlet with rainforest opposite bank, EcoFlow solar panels, overcast soft light","Hyper-realistic 9:16 vertical photo, Style A Quiet Luxury. A glass-and-Douglas-fir floating workshop sits on a steel barge pontoon platform on a Pacific Northwest inlet. The exterior: Douglas fir cladding on three sides, a full-glass wall facing the inlet. Through the glass: the workshop interior — a custom wooden sea kayak in progress on sawhorses (hull formed, ribs visible, sanding in progress), a live-edge oak workbench running the full width of the glass wall, hand tools mounted in precise arrangement on a vertical Douglas fir pegboard. The inlet: grey and perfectly still, the PNW rainforest crowding the opposite bank. The dock platform: recycled steel pontoons below, weathered Douglas fir deck planking above. EcoFlow solar panels mounted on the workshop roof at low angle. The light: soft overcast PNW diffused light. No people. 8k, cinematic floating workshop photography, PNW inlet, woodcraft interior.","Build the boat. On the water.","Ready","Day 3 — Wed June 18","Slot-1","7:30am"
"18","Smart Pet Wellness","African Wild Dog Botswana Savanna | Wilderkind Pack Hunter 2026","Save this for your Wilderkind African wild dog and African wildlife board. An African wild dog (painted wolf) in the Botswana savanna at golden hour — that extraordinary mottled coat of black, amber, white and rust patches, the enormous dish-shaped ears oriented forward, the amber eyes directly on camera. The African wild dog has the highest hunt-success rate of any land predator on Earth (85% of hunts succeed). It is the apex team hunter — and in the Botswana savanna at golden hour, alone on an open plain, it is extraordinary. The savanna: golden grass, scattered acacia, Botswana afternoon. The dog: standing alert, the morning breeze just visible in the long fur around the neck. Save this for your rarest African wildlife board. #Wilderkind #AfricanWildDog #PaintedWolf #AfricanWildlife #Botswana #PredatorPortrait #AnimalPhotography","Alert African wild dog with extraordinary mottled black-amber-white-rust coat standing in Botswana golden grass savanna at golden hour, enormous dish-shaped ears oriented forward, amber eyes in direct camera contact, scattered acacia trees in warm afternoon light, slight breeze in neck fur","Hyper-realistic 9:16 vertical photo, Style A Quiet Luxury. Wilderkind aesthetic. An African wild dog (painted wolf) stands in full alert on an open Botswana savanna at golden hour. The coat: the defining visual — a complex, unique mottled pattern of black, amber, rust and white patches (each individual is genetically unique) — the late golden light making the warm amber and rust patches glow. The enormous dish-shaped ears: both oriented forward toward camera, the skin thin enough to be slightly translucent in the backlight. The amber eyes: focused directly at camera with the intense, intelligent, pack-hunter attention that makes this species unique. The savanna: golden grass in all directions, two scattered acacia trees in the middle distance, Botswana afternoon light. A slight warm breeze visible in the longer fur around the neck. Shot from slightly below eye level, the dog commanding. No people. 8k, Botswana savanna twilight wildlife photography, African wild dog coat pattern, golden hour.","85% hunt success rate. Respect it.","Ready","Day 3 — Wed June 18","Slot-2","9:30am"
"19","Nail Aesthetic & Art Inspo","3D Jelly Gem Nails | Translucent Candy Stone Nails 2026","Save this for your jelly nails and 3D gem nail inspiration board. A jelly gem nail set in translucent sapphire blue — the jelly gel base so translucent the nail bed shows faintly beneath, and on each nail, a single faceted gel 'stone' built up from the surface — not placed, but sculpted directly in gel, the facet cuts adding geometric dimension to each nail. Shot as an extreme side-profile showing the full elevation of the 3D gel stone above the nail surface — the gel stone 4mm at its highest point, catching the studio light and refracting it into blue fire. The backdrop: wet smoked glass, the condensation creating texture. The light: a single 60-degree fresnel spotlight creating hard shadow from the 3D gel stone onto the nail surface below. Save this for your most ambitious nail inspo board. #JellyNails #GemNails #3DNailArt #SapphireNails #NailArt2026 #GelNails #NailInspo","Extreme side-profile macro editorial nail photograph of medium oval jelly gem gel nails in translucent sapphire blue with single sculpted 4mm faceted gel stone per nail showing full 3D elevation above nail surface, blue light refraction from stone facets, wet smoked glass backdrop with condensation texture, hard 60-degree fresnel spotlight casting stone shadow on nail surface","Ultra-photorealistic 9:16 vertical macro nail photograph, shot on a Phase One medium format camera. Medium oval gel nails in a translucent sapphire blue jelly gel base — the gel so clear the natural nail bed is faintly visible beneath. On each nail, a single faceted gel 'stone' sculpted directly into the gel surface (not a placed rhinestone, but built up in gel with facet cuts): 4mm at its highest point, the facets hand-cut with a nail file to create geometric planes. The shot angle: extreme side-profile, both left and right nails visible — the full 4mm elevation of the gel stone visible above the nail plate, the stone's geometric facets catching the studio light. A single 60-degree fresnel spotlight from above-right creates hard, precise shadows from the gel stone onto the nail surface below — the shadow geometry revealing the facet structure. The gel refracts the spotlight into blue fire inside the stone. Backdrop: wet smoked glass — condensation droplets creating texture. 8k, tack-sharp 3D gel stone macro photography, elevation and shadow are the hero.","4mm of pure sapphire gel.","Ready","Day 3 — Wed June 18","Slot-3","11:00am"
"20","Future Living & Off-Grid Tech","Glass Cabin Solar Orchard | Off-Grid Food Forest Architecture 2026","Save this for your off-grid food forest and sustainable living architecture board. A glass cabin at the centre of a productive solar orchard — the south-facing glass wall doubling as a passive solar collector, the orchard of apple, pear, and cherry trees arranged in concentric rings around the glass structure, the EcoFlow Pro solar array on the roof powering a drip irrigation system that waters the entire orchard. The orchard: mid-summer bloom, the trees at peak foliage. The glass cabin interior: visible through the south glass face — a seed-starting shelf, a food preservation shelf, a minimal kitchen. Off-grid living that produces more food than it consumes. The cabin is the heart of the food system. Save this for your permaculture and off-grid homestead board. #FoodForest #SolarOrchard #OffGridHomestead #GlassCabin #Permaculture #FutureLiving #SustainableLiving","Glass cabin at centre of productive solar orchard in concentric rings (apple, pear, cherry trees at mid-summer foliage), south-facing glass wall as passive solar collector, EcoFlow Pro solar roof array, drip irrigation system visible, seed-starting shelf and food preservation interior visible through glass, golden summer light","Hyper-realistic 9:16 vertical photo, Style A Quiet Luxury. A compact glass cabin sits at the geometric centre of a circular productive orchard. The orchard: concentric rings of apple, pear, and cherry trees at mid-summer peak foliage, the rings arranged by height (low cherry closest, tall apple at outermost ring). A drip irrigation system runs from the cabin foundation to each tree base. The south-facing glass wall: the full width of the cabin, the warm interior visible — a long seed-starting shelf with trays of seedlings, food preservation jars on a wall shelf, a minimal kitchen. EcoFlow Pro solar array on the south-facing roof, angled at 30 degrees. The golden summer light: warm, long-angled, the orchard in full health. The cabin and orchard read as a single integrated system. No people. 8k, cinematic off-grid homestead photography, solar orchard, glass cabin centre.","The cabin feeds you.","Ready","Day 3 — Wed June 18","Slot-4","12:30pm"
"21","Nail Aesthetic & Art Inspo","Aurora Chrome Shift Nails | Multichromatic Iridescent 2026","Save this for your aurora nails and chrome shift iridescent nail inspiration board. A medium stiletto aurora chrome shift nail set — the chrome powder creating a surface that cycles from icy lilac to warm gold to mint green as the nail rotates. Shot as four nails shown at four different rotation angles in a single image, each nail at a different phase of the colour cycle — creating a prismatic sequence from lilac through gold through green. On a deep navy crushed velvet backdrop with a single abalone shell shard as styling. The abalone: echoing the aurora colour shift in its own surface, the two iridescent objects rhyming visually. The light: overhead ring light creating the colour cycle at its most vivid. Save this for your most stunning aurora nail appointment. #AuroraNails #ChromeShiftNails #IridescentNails #ChromeNails2026 #NailAesthetic #GelNails #NailInspo","Four medium stiletto aurora chrome shift nails shown at four different rotation angles in single frame creating colour sequence: icy lilac through teal to warm gold to mint green, deep navy crushed velvet backdrop, single abalone shell shard prop echoing iridescent colour shift, ring light overhead maximising colour cycle visibility","Ultra-photorealistic 9:16 vertical macro nail photograph, shot on a Phase One medium format camera. Four medium stiletto nails in aurora chrome shift powder shown as a single composed image: each nail at a slightly different angle to the ring light, creating a visible sequence through the full colour cycle. Nail 1 (leftmost, 15-degree angle): icy lilac. Nail 2 (30 degrees): shifting teal-blue. Nail 3 (45 degrees): warm champagne gold. Nail 4 (60 degrees): mint green. The nails arranged diagonally from lower-left to upper-right, each slightly overlapping the next, creating a prismatic sequence. A single piece of abalone shell placed at lower-right as styling — its own iridescent surface cycling through similar colours, creating visual rhyme. Backdrop: deep navy crushed velvet — the velvet pile creating directional texture that emphasises the nail colour. Ring light: overhead, creating the colour-cycle effect at maximum intensity. 8k, tack-sharp chrome shift nail macro photography, colour sequence is the hero.","One powder. Four colours.","Ready","Day 3 — Wed June 18","Slot-5","2:00pm"
"22","Smart Pet Wellness","Lagotto Romagnolo Oregon Truffle Hunt | Adventure Dog Forest 2026","Save this for your Lagotto Romagnolo and truffle hunting dog board. A curly-coated Lagotto Romagnolo at work in an Oregon white truffle forest — nose to the ground, the tight curly coat damp from the morning dew, the autumn Garry oak forest of the Willamette Valley behind. The Lagotto is the only breed in the world formally recognised as a truffle hunter — a dog with a job so specific and ancient it predates most modern breeds. In the autumn Willamette Valley forest at morning, it is completely in its element. The forest floor: damp leaf litter, moss, the pale roots of Garry oak. The dog: absolutely focused, nose working the ground. Adventure dog content at its most specific and rare. Save this for your rare breed and working dog adventure board. #LagottoRomagnolousa #TruffleDog #WorkingDog #AdventureDog #OregonForest #DogPhotography #WillametteValley","Curly-coated Lagotto Romagnolo with nose to damp forest floor in Oregon Garry oak truffle forest, tight curly coat damp with morning dew, autumn leaf litter and moss underfoot, Willamette Valley Garry oak trunks in soft morning mist behind, intense scent-focus expression, no leash","Hyper-realistic 9:16 vertical photo, Style A Quiet Luxury. A Lagotto Romagnolo works nose-to-ground in an Oregon Willamette Valley Garry oak truffle forest. The tight curly coat: a warm russet-brown, damp with morning dew, individual curls distinguishable. The dog's posture: completely absorbed in scent work — nose pressed close to the damp leaf litter, body low, tail raised in working concentration. The forest floor: rich and complex — damp fallen Garry oak leaves in ochre and rust, dense green moss on tree roots, pale mushroom caps barely visible in the leaf litter. The Garry oak trunks: ancient, gnarled, rising into soft morning mist. The Willamette Valley autumn morning light: cool, diffused, damp. No people or leash. Shot from forest-floor level, the dog in mid-search. 8k, Oregon autumn forest working dog photography, Lagotto truffle hunt, morning dew.","The only truffle breed in the world.","Ready","Day 3 — Wed June 18","Slot-6","3:30pm"
"23","Build. Scale. Ship. — Software Studio","Custom Web App Studio Build | Client Project in Progress 2026","Save this for your custom web app development and digital business board. A software studio workspace in a premium co-working space in the late afternoon — the main monitor showing a web app under active development: a Figma design on one half, a live development environment on the other, the design and the code side by side. The secondary monitor: a client project board in Linear showing the sprint in progress. This is what custom software development looks like when a professional team is building it: design and code in parallel, client-visible progress, a clear sprint structure. The studio has 3 open client projects on the secondary monitor. The desk: clean, modern, a signal of quality. Save this for your custom software and digital transformation board. #CustomWebApp #SoftwareDevelopment #SoftwareStudio #WebDevelopment #DigitalTransformation #TechStudio #BuildInPublic","Premium co-working studio workspace at late afternoon with main monitor split-screen showing Figma design left and live code development environment right for same web app, secondary monitor showing Linear sprint board with 3 active client projects, clean modern desk, warm afternoon light through studio window","Hyper-realistic 9:16 vertical photo, Style A Quiet Luxury. A premium co-working studio workspace at late afternoon. Main monitor: split-screen — left half: a Figma design file (a web app dashboard with clean UI components visible — sidebar nav, main content area with data visualisation, client-specific brand colour), right half: a VS Code development environment showing the same dashboard component in React code. The design and code are visibly the same element in two different representations. Secondary monitor: Linear sprint board showing 3 active client projects with tasks in 'In Progress' and 'Review' columns. Desk: clean white surface, matte keyboard, a water bottle. Warm afternoon light through a floor-level studio window. The overall scene: organised, active, professional. No person. 8k, cinematic software studio workspace photography, design and code split-screen.","Design and code. Side by side.","Ready","Day 3 — Wed June 18","Slot-7","6:30pm"
"24","Build. Scale. Ship. — Software Studio","Hidden Cost of Running Your Business on WhatsApp | Software Fix 2026","Save this for your small business technology and digital operations board. If your business runs on WhatsApp groups, spreadsheets, and verbal confirmations, you are spending between 8 and 15 hours per week on tasks a simple software system would do in seconds. This infographic shows the actual hidden time cost of manual business operations — and why most business owners only calculate it once they have already switched to software. The math is uncomfortable. Save this and do the calculation for your own business. #SmallBusiness #BusinessSoftware #BusinessAutomation #DigitalTransformation #SME #CustomSoftware #BusinessTech","Dark editorial infographic showing hidden weekly time cost of manual business operations vs software-managed operations, each task with red manual cost and teal software cost comparison, total weekly time saved at bottom, deep charcoal background — business language, no jargon","Clean editorial infographic, 9:16 vertical, Style B Dynamic Viral. Background: deep charcoal (#0d0d1a). Title bold white: THE HIDDEN COST OF RUNNING YOUR BUSINESS ON WHATSAPP. Subtitle amber: Do this calculation for your own business. Below, 6 business tasks in a comparison table: two columns — MANUAL PROCESS (red) vs WITH SOFTWARE (teal): TASK 1 — Taking bookings: Manual: 5 min per booking, 20 bookings/week = 1hr 40min / Software: 0 min (client self-books). TASK 2 — Sending reminders: Manual: 2 min per client, 30 clients = 1hr / Software: 0 min (automated SMS). TASK 3 — Checking who paid: Manual: 30 min reviewing messages and bank statements daily / Software: 0 min (dashboard shows live status). TASK 4 — Rescheduling / cancellations: Manual: 10 min per cancellation, 5/week = 50 min / Software: 2 min (client self-manages). TASK 5 — Generating weekly revenue report: Manual: 45 min compiling from messages and notes / Software: 0 min (auto-generated). TASK 6 — Following up on no-shows: Manual: 5 min per no-show, 8/week = 40 min / Software: 0 min (automated follow-up). TOTAL ROW (bold): MANUAL: 5+ hours/week. WITH SOFTWARE: Under 30 min/week. Bottom panel amber: 5 hours/week = 260 hours/year. That's 32 working days you're spending on admin instead of growth. Footer: The right software pays for itself in the first week. Colour: charcoal, red, teal, amber. No photography.","260 hours a year. On WhatsApp.","Ready","Day 3 — Wed June 18","Slot-8","9:00pm"
"25","Future Living & Off-Grid Tech","Black Steel Glass Cabin Nevada Desert | Minimalist Off-Grid 2026","Save this for your minimalist desert cabin and black steel architecture board. A matte black steel and full-glass cabin on flat Nevada high desert — the cubic form so minimal it appears to have been placed by geometry rather than built by hand. The black steel exterior: powder-coated matte, absorbing the harsh Nevada noon light rather than reflecting it. A single south-facing glass wall: floor-to-ceiling, the interior cool and dim behind it, the desert blazing outside. The composition: the black cube against the flat, pale Nevada desert floor, the vast Nevada sky above. EcoFlow system powers the cooling. No landscaping. No softening. Just the mathematical object in the landscape. Save this for your desert minimalism and black cabin aesthetic board. #BlackCabin #DesertArchitecture #MinimalistCabin #NevadaDesert #OffGridLiving #FutureLiving #BlackSteel","Matte black powder-coated steel and full-glass cubic cabin on flat pale Nevada high desert, south-facing floor-to-ceiling glass wall with cool dim interior visible behind blazing desert noon light, mathematical minimal form against flat desert floor and vast Nevada sky, no landscaping, EcoFlow system interior","Hyper-realistic 9:16 vertical photo, Style A Quiet Luxury. A perfect cubic cabin with matte black powder-coated steel cladding sits on flat pale Nevada high desert. The black steel: completely light-absorbing in the harsh noon light — no highlight, no reflection, the cube appears as a void against the pale desert. The south face: floor-to-ceiling full glass, the interior visible — cool, dim, a sharp contrast to the blazing desert outside. Inside: minimal furnishings, an EcoFlow Pro on the floor with green LED, a single hanging pendant light. The Nevada desert floor: flat, pale sandy gravel, almost featureless. The Nevada sky: deep desert blue, cloudless, blazing. The composition: the black cube, the pale desert, the blue sky — three horizontal bands of maximum contrast. No people. 8k, cinematic desert minimalist architecture photography, black cube, Nevada noon light.","Maximum black. Maximum desert.","Ready","Day 4 — Thu June 19","Slot-1","7:30am"
"26","Smart Pet Wellness","Samoyed Yellowstone Geyser Basin | White Dog Winter Wonderland 2026","Save this for your Samoyed and Yellowstone winter adventure board. A pure white Samoyed running at full stride across the Yellowstone geyser basin in winter — the white coat against the white snow, the thermal steam from the geysers creating a dreamlike white-on-white atmosphere, the dog distinguishable only by the faintest cream-gold warmth in the coat and the dark almond eyes. The Samoyed: bred to work in Siberian permafrost — in Yellowstone's geyser steam and winter snow, it is at home in a landscape almost identical to its ancestral territory. The geyser steam: rising in white columns behind the running dog. The snow: pristine. The sky: pale winter white. Save this for your most ethereal adventure dog board. #Samoyed #Yellowstone #WinterAdventureDog #WhiteDog #GeyserBasin #AdventureDog #DogPhotography","Pure white Samoyed at full gallop across Yellowstone geyser basin in winter, white coat against white snow creating white-on-white ethereal atmosphere, thermal geyser steam rising in white columns behind dog, dog distinguishable by faint cream-gold coat warmth and dark almond eyes, pristine winter snowfield, all four paws airborne","Hyper-realistic 9:16 vertical photo, Style A Quiet Luxury. A pure white Samoyed runs at full gallop across the Yellowstone geyser basin in deep winter. All four paws are off the snow at peak stride. The white coat: almost identical in tone to the surrounding white snow — the dog nearly merging with the landscape, distinguishable by the faintest warm cream-gold undertone in the coat and the characteristic Samoyed 'smile' expression visible in motion. The dark almond eyes: the most visible element. Behind the running dog: multiple geyser vents emitting thermal steam in white columns, the steam mixing with the cold winter air. The sky: pale winter white-grey, the steam indistinguishable from cloud. The snow: pristine, undisturbed except for the dog's paw prints. Shot from snow level slightly ahead of the dog. No people or leash. 8k, Yellowstone winter adventure dog photography, Samoyed white-on-white, geyser steam.","White dog. White snow. White steam.","Ready","Day 4 — Thu June 19","Slot-2","9:30am"
"27","Nail Aesthetic & Art Inspo","Glazed Sheer Ice Nails | Glass Skin Nail Aesthetic 2026","Save this for your glazed nails and glass skin nail inspiration board. A glazed sheer ice gel nail set — a single thin layer of ice-white sheer gel over the natural nail, the translucency so extreme the nail bed's natural pink shows through as a warm blush, and the glazed top coat creating a surface that reflects like wet glass. The concept: 'glass skin' translated to nails — the most minimalist possible approach that still photographs with extraordinary beauty. Shot as an extreme overhead close-up of five nails, each with a perfect ring-light reflection visible as a tiny white circle — five perfect white circles in a row, like five tiny full moons. On a frosted acrylic surface with a single fresh water droplet on the surface beside each nail. Save this for your most quietly beautiful nail appointment. #GlazedNails #GlassSkinNails #SheernailAesthetic #IceNails #QuietLuxuryNails #MinimalistNails #GelNails2026","Overhead extreme close-up macro of five short oval sheer ice glazed gel nails, translucent enough to show natural nail bed blush beneath, glossy wet-glass surface reflection, perfect tiny white ring-light circle visible in each nail, five white circles in a row, frosted acrylic surface, single fresh water droplet beside each nail as styling","Ultra-photorealistic 9:16 vertical macro nail photograph, shot on a Phase One medium format camera. Five short oval gel nails, shot from directly overhead in extreme close-up (five nails filling the full frame). The gel: a single sheer ice-white layer over the natural nail — thin enough to show the natural nail bed's warm blush pink through the gel, the nail appearing to have near-luminescent skin-like translucency. The top coat: ultra-high-gloss, the surface creating a near-mirror reflection. The ring light from overhead creates a perfect tiny white circle reflection in the exact centre of each nail — five perfect white circles in a row, like five miniature full moons, evenly spaced. Frosted acrylic backdrop: slightly warm white. A single fresh water droplet beside each nail on the acrylic surface, the droplets perfectly round, each one its own tiny lens refracting the nail colour. Lighting: ring light only, overhead. 8k, tack-sharp glazed nail macro photography, five ring-light circles are the hero.","Glass skin. On every nail.","Ready","Day 4 — Thu June 19","Slot-3","11:00am"
"28","Future Living & Off-Grid Tech","Copper Dome Greenhouse Off-Grid | Geodesic Living Architecture 2026","Save this for your geodesic dome and off-grid greenhouse architecture board. A copper geodesic dome greenhouse on a Sierra Nevada alpine meadow — the copper triangular frame panels aging through five visible patina stages from bright polished copper to brilliant blue-green, the dome's transparent polycarbonate panels alternating with the copper frame to create a jewel-like structure. The alpine meadow: Sierra Nevada summer, wildflowers growing inside the dome visible through the translucent panels. A glass residential capsule is nested inside the dome at the centre — the human habitat inside the greenhouse. EcoFlow solar powers the dome's climate control system. The dome: 12 metres diameter, 8 metres at the apex. Off-grid. High altitude. Save this. #GeodisicDome #CopperDome #GreenhouseLiving #OffGridLiving #FutureLiving #SierraNevada #CopperArchitecture","Copper geodesic dome greenhouse on Sierra Nevada alpine meadow, copper triangular frame panels in five visible patina stages from polished to blue-green, translucent polycarbonate alternating panels, alpine wildflowers visible inside through panels, small glass residential capsule nested inside at centre, summer golden afternoon light","Hyper-realistic 9:16 vertical photo, Style A Quiet Luxury. A copper geodesic dome (12m diameter, 8m apex) sits in a Sierra Nevada alpine meadow. The frame: copper triangular panels — five distinct patina stages visible across the dome surface: polished copper at the apex (just installed), orange-red mid-dome, warm brown, then teal-green, then brilliant blue-green patina at the base (most weathered). The alternating panels: translucent polycarbonate — looking through them, alpine meadow wildflowers growing inside the dome are visible. At the dome's centre: a compact glass residential capsule — warm amber interior light visible through the dome's transparent panels. EcoFlow solar array in a clearing beside the dome. The Sierra Nevada alpine meadow: summer wildflowers, granite outcrops, a snow-capped peak visible in the distance. Golden afternoon light on the copper. No people. 8k, cinematic geodesic dome copper architecture photography, patina stages, Sierra Nevada.","Copper ages into a jewel.","Ready","Day 4 — Thu June 19","Slot-4","12:30pm"
"29","Nail Aesthetic & Art Inspo","French Tip Chrome Stiletto Nails | High Fashion Nail Art 2026","Save this for your chrome French tip and stiletto nail inspiration board. A chrome silver French tip stiletto nail set — the classic French tip reborn in high-fashion terms: the tip zone in mirror-chrome silver, the base in deep black gel, the tip line a laser-perfect 2mm line of chrome at the stiletto point. Shot as an overhead view of all 10 nails in a V-shape spread (both hands meeting at the fingertips at the centre), the chrome tips pointing inward, creating a geometric arrowhead composition. On brushed gun-metal grey steel with two loose steel ball-bearings as styling props. The chrome tips: catching the single hard spotlight and creating 10 individual bright mirror-chrome flashes in the V composition. Save this for your most architectural nail appointment. #ChromeFrenchTip #StillettoNails #FrenchTipNails #ChromeNails #EditorialNails #NailArt2026 #GelNails","Overhead macro editorial nail photograph of 10 long stiletto nails with chrome silver French tips on deep black gel base in V-shape spread with both hands meeting at fingertip centre, chrome tips pointing inward creating geometric arrowhead composition, brushed gun-metal steel backdrop, two steel ball-bearings as props, single hard spotlight creating 10 chrome tip mirror-flashes","Ultra-photorealistic 9:16 vertical macro nail photograph, shot on a Phase One medium format camera. Both hands photographed overhead in a V-shape spread — the 10 long stiletto nails arranged symmetrically, fingertips of both hands pointing toward the frame centre and nearly touching, the 10 chrome-tipped stiletto points creating a geometric arrowhead composition. Each nail: deep matte-satin black gel base with a mirror-chrome silver French tip — the tip zone precisely defined by a 2mm chrome tip line at the stiletto point. The chrome tips: catching the single hard spotlight source from above-right and creating 10 individual bright mirror-chrome flashes. Backdrop: brushed gun-metal grey steel plate, the brush direction running horizontally. Two small polished steel ball-bearings placed at lower-frame as styling props, their mirror-chrome surfaces echoing the nail tips. 8k, tack-sharp chrome stiletto nail macro photography, V-composition and chrome flashes are the hero.","Ten points. One direction.","Ready","Day 4 — Thu June 19","Slot-5","2:00pm"
"30","Smart Pet Wellness","Maine Coon Glass Dome Observing Snow | Indoor Luxury Cat 2026","Save this for your Maine Coon and glass dome luxury cat interior board. A massive adult Maine Coon inside a glass dome observation room at a high-altitude winter cabin — the dome providing 360-degree views of a snow-covered mountain landscape, the cat's enormous tufted mane and long fur creating an extraordinary silhouette against the white panorama. The cat: sitting on a custom timber window seat at the dome base, looking outward at the snow. The dome: a glass geodesic hemisphere attached to the cabin roof — transparent on all sides. The snow: heavy winter snowfall on the mountain, the flakes visible against the glass. The Maine Coon's fur: lit from all directions by the diffused snow-light. Save this for your luxury cat aesthetic and mountain interior board. #MaineCoon #GlassDome #LuxuryCat #MountainCat #IndoorCat #CatPhotography #WinterCabin","Massive adult Maine Coon with enormous tufted mane and long fur on custom timber window seat inside glass geodesic dome observation room at high-altitude winter cabin, 360-degree snowy mountain panorama through dome glass, heavy winter snowfall visible against glass, cat lit from all directions by diffused snow-light, looking outward","Hyper-realistic 9:16 vertical photo, Style A Quiet Luxury. A massive adult Maine Coon sits on a custom timber window seat inside a glass geodesic dome observation room attached to a high-altitude winter cabin roof. The dome: a transparent geodesic hemisphere providing 360-degree views. The winter mountain panorama: snow-covered slopes in all directions visible through the dome glass, heavy snowfall active — individual snowflakes visible against the glass panels. The Maine Coon: the largest domestic cat, its enormous tufted mane and long fur filling the window seat. The fur: lit evenly from all directions by the diffused snow-light that fills the dome — no hard shadows, the fur detail exquisite. The amber-green eyes: watching the snowfall with complete feline absorption. The timber window seat: warm wood contrast against the cold glass and snow beyond. No people. 8k, glass dome luxury cat photography, Maine Coon mane detail, snow diffused light.","360 degrees of snow. One cat.","Ready","Day 4 — Thu June 19","Slot-6","3:30pm"
"31","Build. Scale. Ship. — Software Studio","Mobile App UI Build | Custom Software Studio Workspace 2026","Save this for your mobile app development and software studio workspace board. A software studio workspace at a rooftop studio at sunrise — the main monitor showing a mobile app UI design in Figma: the screens of a custom business management mobile app (dashboard view, booking interface, notification screen) in a refined dark-mode UI. The secondary monitor: the same app running live on a connected iPhone in developer mode. This is what professional mobile app development looks like: design and live prototype in parallel, the client seeing real screens from day one. The studio: rooftop, glass-railed, the city waking up beyond. Save this for your mobile app and custom software board. #MobileApp #AppDevelopment #UIDesign #SoftwareStudio #CustomApp #FigmaDesign #BuildInPublic","Rooftop studio workspace at sunrise with main monitor showing custom dark-mode business management mobile app UI in Figma (dashboard, booking interface, notifications screens), secondary monitor with connected iPhone showing same app live in developer mode, glass-railed rooftop with city waking at sunrise beyond, minimal desk","Hyper-realistic 9:16 vertical photo, Style A Quiet Luxury. A minimal studio workspace on a glass-railed rooftop at sunrise. Main monitor: Figma design application showing a mobile app design — three phone frames side by side displaying: (1) a dark-mode dashboard with key business metrics, (2) a booking interface with calendar and time slots, (3) a notifications screen with recent activity. The UI design: refined, dark navy and teal, clearly custom — not a template. Secondary monitor: a MacBook with an iPhone connected via USB, the phone screen showing the same app running live in developer mode — the Xcode developer console visible at screen bottom. The desk: minimal, a matte keyboard, a single espresso cup. Through the glass railing: a city waking at sunrise — warm golden light on glass buildings. No person. 8k, cinematic rooftop studio workspace photography, mobile app UI, sunrise city.","Design on screen. App in hand.","Ready","Day 4 — Thu June 19","Slot-7","6:30pm"
"32","Build. Scale. Ship. — Software Studio","Why Your Business Website Is Losing You Customers | Fix 2026","Save this for your business website and digital presence board. Most small business websites lose customers within the first 8 seconds. Not because the business is bad — but because the website fails one or more of these 5 tests that every customer unconsciously runs before deciding to trust a business they found online. If you don't know which of these 5 your website fails, assume it fails at least 3. Save this and check your own website right now. #BusinessWebsite #WebDesign #SmallBusiness #DigitalPresence #WebDevelopment #CustomerExperience #BusinessTech","Dark editorial infographic showing 5 unconscious customer trust tests for business websites, each test with a red failure indicator and specific description, solution panel in teal, deep charcoal background — business language accessible to non-technical business owners","Clean editorial infographic, 9:16 vertical, Style B Dynamic Viral. Background: deep charcoal (#0d0d1a). Title bold white: 5 TESTS YOUR WEBSITE FAILS IN THE FIRST 8 SECONDS. Subtitle amber: Every customer runs these. Most websites fail 3 or more. Below, 5 tests each with a red indicator: TEST 1 (RED) — THE PHONE TEST: Does your website work perfectly on a mobile phone? 62% of web traffic is mobile. If buttons are hard to tap, text is small, or pages load slowly — the customer is gone. TEST 2 (RED) — THE 3-SECOND CLARITY TEST: In 3 seconds, can a new visitor understand what your business does, who it's for, and how to contact you? If they have to read to find out, they won't. TEST 3 (RED) — THE TRUST TEST: Does your website show proof? (Reviews, photos of real work, real client names.) Customers trust businesses that show evidence. TEST 4 (RED) — THE SPEED TEST: Does your website load in under 3 seconds? For every 1 extra second of load time, 7% of visitors leave. A slow website is a closed door. TEST 5 (RED) — THE NEXT STEP TEST: Is there one clear action on every page? Call now, Book here, Get a quote. If there is no clear next step, customers don't take one. Bottom panel (TEAL): A professionally built website fixes all 5 — and it pays for itself in the first month of new client enquiries. Footer amber: Your website is your 24/7 salesperson. Make sure it's actually selling. Colour: charcoal, red, teal, amber. No photography.","8 seconds. They've already decided.","Ready","Day 4 — Thu June 19","Slot-8","9:00pm"
"33","Future Living & Off-Grid Tech","Glass Pontoon Houseboat Columbia River | Pacific Northwest Living 2026","Save this for your Columbia River houseboat and Pacific Northwest watercraft architecture board. A custom full-glass houseboat on the Columbia River Gorge at golden hour — the basalt cliffs of the Gorge rising on both sides, their reflection in the wide Columbia river competing with the glass houseboat's own reflection for visual dominance. The houseboat: two levels, full glass envelope, matte black steel pontoon platform. The Columbia River Gorge: one of the most dramatic waterway landscapes in North America — basalt columns, waterfall trails, Cascade mountains. The evening light on the basalt: golden-orange. The river: wide, powerful, the current visible. EcoFlow Whole-Home system powers the houseboat. A small inflatable tender moored at the stern. Save this. #ColumbiaRiver #HouseboatLiving #WatercraftArchitecture #PNWLife #GlassHouseboat #OffGridLiving #FutureLiving","Two-level full-glass houseboat on Columbia River Gorge at golden hour, basalt cliff columns rising both sides reflected in wide river along with houseboat glass walls, matte black steel pontoon platform, current visible in wide river, EcoFlow Whole-Home system interior, golden-orange basalt evening light, small inflatable tender at stern","Hyper-realistic 9:16 vertical photo, Style A Quiet Luxury. A two-level full-glass houseboat sits on the Columbia River at golden hour, the Columbia River Gorge rising dramatically on both sides — basalt column cliffs in deep orange-gold, the basalt formations reflected in the wide river. The houseboat: full glass on all sides, matte black steel pontoon platform. The glass reflects the Gorge cliffs — creating a layered reflection system: the real Gorge, the houseboat glass reflection, and the river mirror below all competing simultaneously. Inside the houseboat: warm amber, minimal furnishings, an EcoFlow Whole-Home system in the corner with green LED. A small inflatable tender moored at the stern. The Columbia River: wide, the current creating subtle surface texture on the golden-lit water. No people. 8k, cinematic Columbia River Gorge houseboat photography, basalt reflection, golden hour.","The Gorge in every window.","Ready","Day 5 — Fri June 20","Slot-1","7:30am"
"34","Smart Pet Wellness","Fisher Cat Cascade Mountains | Wilderkind North American Forest Predator 2026","Save this for your Wilderkind North American forest predator and rare wildlife board. A fisher (fisher cat) on a massive fallen old-growth log in the Cascade Mountains in winter — that dark, dense, glossy-brown fur, the long muscular body perfectly adapted to hunting through tight forest structure, the amber eyes sharp and focused in the winter light. The fisher is one of the least-photographed predators in North America — it has no fear of other predators, including porcupines (the only North American predator to hunt them regularly). On a snow-covered fallen cedar log in the Cascades, it is completely in its element and completely extraordinary. The Cascade forest: dense, snow-covered. Save this for your rarest Wilderkind board. #Wilderkind #FisherCat #CascadeMountains #NorthAmericanWildlife #ForestPredator #PredatorPortrait #AnimalPhotography","Fisher (mustelid) with dense glossy dark-brown fur on massive snow-covered fallen old-growth cedar log in Cascade Mountain winter forest, long muscular body showing mustelid proportions, sharp amber eyes in direct camera focus, dense snow-covered Cascade spruce forest behind, winter diffused light","Hyper-realistic 9:16 vertical photo, Style A Quiet Luxury. Wilderkind aesthetic. A fisher stands in alert pose on a massive snow-covered fallen old-growth cedar log in the Cascade Mountain winter forest. The dark glossy brown fur: dense, almost black in the shadow areas, warming to rich chocolate-brown where the diffused winter light catches the outer guard hairs. The body: long, low, muscular — the quintessential mustelid silhouette. The amber eyes: focused directly at camera with fearless, sharp intensity. The white snow: covering the fallen log, the forest floor, and the lower branches of the surrounding Cascade spruce trees. The forest: dense and dark behind, only the nearest tree trunks distinguishable. Winter diffused light: even, cold, shadowless. Shot from log level, slightly below the fisher's eye line. No people. 8k, Cascade winter wildlife photography, fisher mustelid, dark fur winter light.","The porcupine hunter.","Ready","Day 5 — Fri June 20","Slot-2","9:30am"
"35","Nail Aesthetic & Art Inspo","Velvet Duochrome Nails | Colour-Shift Powder Nail 2026","Save this for your velvet nails and duochrome powder nail inspiration board. A velvet duochrome powder nail set in deep crimson-to-gold — the nail surface created by applying a fine velvet-texture powder over a deep burgundy gel base, the velvet fibres catching the light at different angles to create the duochrome shift effect: deep red-burgundy at 0 degrees, warming to rose gold at 30 degrees, shifting to rich warm gold at 60 degrees. Shot as three long almond nails in the same frame at three different angles to the light source, each showing a different colour phase. On crumpled deep burgundy silk, a single gold leaf flake placed on the silk surface as styling. Save this for your most dramatic autumn nail appointment. #VelvetNails #DuochromeNails #ColourShiftNails #CrimsonNails #NailAesthetic2026 #GelNails #NailInspo","Side-profile macro editorial nail photograph of three long almond velvet-texture duochrome nails in crimson-to-gold colour shift, three nails at three angles showing deep burgundy at 0 degrees, rose-gold at 30 degrees, warm gold at 60 degrees, crumpled deep burgundy silk backdrop, single gold leaf flake styling prop, hard side-lighting from right","Ultra-photorealistic 9:16 vertical macro nail photograph, shot on a Phase One medium format camera. Three long almond-shaped gel nails with velvet duochrome powder finish, photographed at three different angles in a single composed shot — each nail at a different phase of the duochrome colour shift: LEFT NAIL (0 degrees to light): deep burgundy-crimson, the velvet fibres flat, minimal colour shift visible. CENTRE NAIL (30 degrees): rose-gold, the velvet fibres partially catching the light, the shift beginning. RIGHT NAIL (60 degrees): full warm gold, the velvet fibres catching maximum light, the shift complete. The three nails arranged in a shallow V composition, the colour sequence reading left to right: burgundy → rose-gold → gold. Deep burgundy silk backdrop, crumpled loosely. A single gold leaf flake placed on the silk at lower-right. Hard side-lighting from the right, raking across the velvet surface to maximise the fibre texture and duochrome effect. 8k, tack-sharp velvet nail macro photography, three-angle colour shift sequence is the hero.","One nail. Three golds.","Ready","Day 5 — Fri June 20","Slot-3","11:00am"
"36","Future Living & Off-Grid Tech","Subterranean Glass Entry Volcanic PNW | Underground Home 2026","Save this for your underground architecture and volcanic landscape board. A subterranean glass residence built into the volcanic basalt of the Pacific Northwest — the entry visible as a minimal glass box emerging from the basalt flow surface, the rest of the structure carved directly into the rock. The entry: two glass panels meeting at an apex, the warm interior beyond contrasting with the volcanic surface. The basalt: genuine Columbia River Basalt, columnar, ancient, the columns stacked and honeycombed. The volcanic meadow above: open, windswept, Cascade mountain profile on the horizon. EcoFlow geothermal assist system keeps the interior temperature constant with minimal energy use. The basalt itself maintains 55°F year-round. Save this for your underground architecture and volcanic aesthetic board. #SubterraneanHome #UndergroundArchitecture #VolcanicArchitecture #PNWBasalt #OffGridLiving #FutureLiving #EarthShelter","Minimal glass apex entry emerging from Columbia River columnar basalt volcanic surface in Pacific Northwest, two glass panels meeting at apex showing warm interior beyond, columnar basalt honeycombed surface surrounding glass entry, open windswept volcanic meadow above, Cascade mountain horizon, EcoFlow geothermal system implied","Hyper-realistic 9:16 vertical photo, Style A Quiet Luxury. A subterranean home is built into the Columbia River Basalt of the Pacific Northwest. From surface level: only the entry is visible — two glass panels meeting at an apex (like a minimal chevron), emerging from the flat basalt surface. The basalt surrounding the glass: genuine columnar basalt — the hexagonal column cross-sections honeycombed into the rock surface, ancient and geological. Through the glass apex entry: a warm interior visible, a warm amber light from within. The volcanic meadow surface above: open, windswept, the Cascade mountain profile on the horizon (Mount Hood or Mount Adams, snow-capped). The light: overcast PNW, even and dramatic. EcoFlow Pro unit visible through the glass, green LED. No people. 8k, cinematic underground architecture photography, Columbia River basalt, glass apex entry.","The volcano is the building.","Ready","Day 5 — Fri June 20","Slot-4","12:30pm"
"37","Nail Aesthetic & Art Inspo","Butterfly Wing Nail Art | Nature-Inspired 3D Design 2026","Save this for your butterfly nail art and nature-inspired nail design board. A butterfly wing nail art set — each nail painted with a magnified section of a Blue Morpho butterfly wing: the iridescent blue scales recreated in chrome holographic gel, the black border veining hand-painted in fine-detail gel over the top. Shot as an overhead grid of both hands (10 nails), each nail showing a different section of the wing — together they create a complete Blue Morpho wing across all 10 nails. On a dark forest green velvet backdrop with two dried Blue Morpho wing scales as styling props (actual colour reference). The chrome holographic blue gel: refracting the ring light into a genuine iridescent blue that shifts as the viewing angle changes, just as the real butterfly wing does. Save this now. #ButterflyNails #BlueMorphoNails #NatureNailArt #3DNailArt #HolographicNails #NailArt2026 #NailInspo","Overhead macro editorial nail photograph of 10 nails showing complete Blue Morpho butterfly wing design across all nails — each nail a different wing section in iridescent chrome holographic blue with hand-painted black gel veining, 10 nails together forming complete wing, dark forest green velvet backdrop, two dried Blue Morpho wing scale props showing iridescent reference blue, ring light creating shifting holographic blue refraction","Ultra-photorealistic 9:16 vertical macro nail photograph, shot on a Phase One medium format camera. Both hands palm-down, 10 nails photographed overhead in a flat-lay spread — the nails together forming a complete Blue Morpho butterfly wing design: each nail shows a different section of the wing (outer margin, mid-wing, inner wing, body edge), the full wing pattern visible across all 10 nails together. The iridescent blue: chrome holographic gel in a vivid Blue Morpho blue — the ring light creating the genuine structural colour shift (bright iridescent blue at the ring-light angle, shifting to darker teal-blue at the edges, exactly as the real butterfly wing behaves). Over the blue: fine black gel hand-painted veining following the actual butterfly wing vein anatomy. Dark forest green velvet backdrop — the deep green making the blue nails vivid. Two dried actual Blue Morpho wing sections placed at lower-left and lower-right as styling props — their own iridescent blue echoing the nails. Ring light overhead. 8k, tack-sharp butterfly wing nail macro photography, the complete wing across 10 nails is the hero.","10 nails. One wing.","Ready","Day 5 — Fri June 20","Slot-5","2:00pm"
"38","Smart Pet Wellness","Border Collie Moab Canyon Rim | Herding Dog Desert Adventure 2026","Save this for your Border Collie and Moab canyon adventure board. A black-and-white Border Collie at full attention at the rim of a Moab canyon at dawn — that classic black-and-white coat brilliant in the first horizontal dawn light, the intense herding-breed focus directed outward across the canyon void, the Navajo sandstone canyon walls glowing deep orange behind. The Border Collie is the most intelligent domestic dog breed. At the rim of a Moab canyon at dawn, that intelligence reads in every muscle — the alert posture, the slightly crouched readiness, the eyes that see everything. The canyon: deep, wide, the Colorado River far below as a silver thread. Save this for your Border Collie and desert adventure board. #BorderCollie #MoabCanyon #AdventureDog #HerdingDog #DogPhotography #UtahAdventure #DesertDog","Black-and-white Border Collie in full herding-breed alert attention at Moab Navajo sandstone canyon rim at dawn, classic black-and-white coat brilliant in horizontal first dawn light, intense focus directed across canyon void, deep orange sandstone canyon walls glowing behind, Colorado River silver thread far below","Hyper-realistic 9:16 vertical photo, Style A Quiet Luxury. A black-and-white Border Collie stands in classic herding-breed alert posture at the rim of a Moab Navajo sandstone canyon at dawn. The posture: slightly crouched, weight forward, the border collie's characteristic intense herding focus directed outward across the canyon void. The coat: classic black-and-white, the horizontal dawn light from the right creating strong contrast — the white sections brilliant, the black sections catching a faint warm highlight. The amber eyes: intensely focused outward, showing the breed's famous intelligence in physical form. The canyon walls: deep orange-red Navajo sandstone in the first dawn light. Far below: the Colorado River visible as a silver thread in the canyon floor. Shot from canyon-rim level, the dog silhouetted slightly against the canyon void. No people or leash. 8k, Moab canyon dawn adventure dog photography, Border Collie focus, red canyon dawn.","The smartest dog. The deepest canyon.","Ready","Day 5 — Fri June 20","Slot-6","3:30pm"
"39","Build. Scale. Ship. — Software Studio","E-Commerce Launch | Software Studio Client Project 2026","Save this for your e-commerce development and business website launch board. A software studio workspace in a modern glass studio in the early evening — the main monitor showing the final review of a client e-commerce site before launch: product page, checkout flow, mobile view all visible. The secondary monitor: a Shopify analytics preview showing projected first-month traffic and conversion estimates. The studio workspace: calm, prepared, a signal that the launch is under control. This is what a professional software studio looks like at the final checkpoint before a client's new digital business goes live. Save this for your e-commerce and digital business board. #ECommerce #WebDevelopment #OnlineStore #SoftwareStudio #DigitalBusiness #ShopifyDev #BuildInPublic","Modern glass studio workspace at early evening with main monitor showing e-commerce client website final review — product page, checkout flow, mobile responsive view — secondary monitor showing Shopify analytics preview with projected first-month traffic and conversion estimates, clean studio desk, city early evening through glass wall, calm pre-launch atmosphere","Hyper-realistic 9:16 vertical photo, Style A Quiet Luxury. A modern glass studio workspace at early evening. Main monitor: a split-view browser showing an e-commerce website in final review — a clean product page (high-quality product photography, clear price, add-to-cart button), a checkout flow screen (clean 3-step process, trust badges visible), and a mobile responsive preview in the browser developer tools panel. Secondary monitor: Shopify admin panel showing analytics projection — 'Projected Month 1: 4,200 visits / 3.2% conversion / 134 orders'. The desk: clean glass surface, a matte keyboard, a half-full coffee mug. Through the glass studio wall: city early evening, lights beginning to turn on. The overall atmosphere: calm, prepared, professional. No person. 8k, cinematic studio workspace photography, e-commerce review, evening light.","Tomorrow it goes live.","Ready","Day 5 — Fri June 20","Slot-7","6:30pm"
"40","Build. Scale. Ship. — Software Studio","When to Build Custom vs Buy Off-the-Shelf | Business Tech Decision 2026","Save this for your business technology decisions and software strategy board. Most business owners face this decision at some point: buy an existing software subscription, or invest in custom software built for your specific business. The wrong choice costs you either a year of workarounds with software that almost fits, or money spent on custom development you didn't actually need. This framework makes the decision clear. Save this before your next software purchase. #BusinessSoftware #CustomSoftware #SoftwareDecision #BusinessTech #SME #DigitalTransformation #SoftwareStrategy","Dark editorial infographic showing clear decision framework for when to build custom software vs buy existing off-the-shelf, using 5 criteria questions with build vs buy recommendation for each, deep charcoal background in amber-teal-red — business language for non-technical business owners","Clean editorial infographic, 9:16 vertical, Style B Dynamic Viral. Background: deep charcoal (#0d0d1a). Title bold white: BUILD CUSTOM OR BUY OFF-THE-SHELF? A Simple Business Decision Framework. Subtitle amber: The right answer saves you a year of frustration. Below, 5 decision criteria each with a question and two outcomes: QUESTION 1: IS YOUR BUSINESS PROCESS STANDARD? YES → BUY (teal): Off-the-shelf works. Xero for accounting, Shopify for e-commerce, Calendly for booking. NO → BUILD (amber): Your process is your competitive advantage. Standard software will limit you. QUESTION 2: DO YOU NEED INTEGRATION WITH YOUR OTHER SYSTEMS? SIMPLE INTEGRATION → BUY (teal): Most off-the-shelf tools connect via API. COMPLEX OR PROPRIETARY → BUILD (amber): If you need deep custom integration, off-the-shelf creates more problems than it solves. QUESTION 3: WHAT IS THE COST OVER 5 YEARS? RUN THE MATH: Off-the-shelf: monthly fee × 60 months + workaround time cost. Custom: one-time build + maintenance. For many businesses, custom is cheaper after year 2. QUESTION 4: HOW IMPORTANT IS THIS SOFTWARE TO YOUR CORE BUSINESS? SUPPORTING FUNCTION → BUY (teal). CORE OPERATION → BUILD (amber): If the software is central to how you serve clients, generic tools create ceilings. QUESTION 5: DO YOU NEED FEATURES NO EXISTING TOOL HAS? NO → BUY (teal). YES → BUILD (amber): Custom is the only option. Footer amber: The worst outcome: off-the-shelf software that's 80% right, and a business workflow built around the 20% it can't do. Colour: charcoal, amber, teal. No photography.","80% right is 100% frustrating.","Ready","Day 5 — Fri June 20","Slot-8","9:00pm"
